CellID,CenterLatitude,CenterLongitude,CenterX_m,CenterY_m
Cell_001,33.1221686054133,129.735025338389,1208520.00903184,1461238.69605241
Cell_002,33.1191818486843,129.895685208077,1223520.00903184,1461238.69605241
Cell_003,33.2533747121672,126.276392223008,886020.009031845,1474229.07710917
Cell_004,33.2548548233252,126.437395611515,901020.009031845,1474229.07710917
Cell_005,33.2406758756542,129.657555998111,1201020.00903184,1474229.07710917
Cell_006,33.2377797614607,129.818441026583,1216020.00903184,1474229.07710917
Cell_007,33.2346758300235,129.979302213014,1231020.00903184,1474229.07710917
Cell_008,33.3712896476926,126.355362393247,893520.009031845,1487219.45816594
Cell_009,33.3726716690235,126.5165868801,908520.009031845,1487219.45816594
Cell_010,33.3738443336478,126.677821536975,923520.009031845,1487219.45816594
Cell_011,33.3563365539436,129.740994704213,1208520.00903184,1487219.45816594
Cell_012,33.353323204363,129.902082697691,1223520.00903184,1487219.45816594
Cell_013,34.1826735432375,129.355772983624,1171020.00903184,1578152.1255633
Cell_014,34.3098294664677,126.505791670808,908520.009031845,1591142.50662007
Cell_015,34.3009754014485,129.276883715738,1163520.00903184,1591142.50662007
Cell_016,34.2985033148943,129.439801827553,1178520.00903184,1591142.50662007
Cell_017,34.4276011125133,126.586021133678,916020.009031845,1604132.88767684
Cell_018,34.4168568839855,129.360932410479,1171020.00903184,1604132.88767684
Cell_019,34.5440960670341,126.503014024079,908520.009031845,1617123.2687336
Cell_020,34.5453213316502,126.666473322067,923520.009031845,1617123.2687336
Cell_021,34.5463278074103,126.829941607803,938520.009031845,1617123.2687336
Cell_022,34.6618686855018,126.583456343847,916020.009031845,1630113.64979037
Cell_023,34.6629894229943,126.747149992634,931020.009031845,1630113.64979037
Cell_024,34.6638903995089,126.910851794084,946020.009031845,1630113.64979037
Cell_025,34.6645715831055,127.074559975952,961020.009031845,1630113.64979037
Cell_026,34.6652961738489,127.565705075885,1006020.00903184,1630113.64979037
Cell_027,34.6650980222026,127.729421050172,1021020.00903184,1630113.64979037
Cell_028,34.664680034823,127.893134539594,1036020.00903184,1630113.64979037
Cell_029,34.7783534656816,126.500204129132,908520.009031845,1643104.03084714
Cell_030,34.779589422981,126.66412397575,923520.009031845,1643104.03084714
Cell_031,34.7806046823249,126.828052912252,938520.009031845,1643104.03084714
Cell_032,34.781399207654,126.991989156599,953520.009031845,1643104.03084714
Cell_033,34.7819729707467,127.155930926259,968520.009031845,1643104.03084714
Cell_034,34.7820601107612,127.811717596815,1028520.00903184,1643104.03084714
Cell_035,34.8947749341812,126.416714901686,901020.009031845,1656094.4119039
Cell_036,34.8961270722604,126.580861780271,916020.009031845,1656094.4119039
Cell_037,34.8972575749601,126.745018696365,931020.009031845,1656094.4119039
Cell_038,34.8981664020521,126.90918385808,946020.009031845,1656094.4119039
Cell_039,34.8988535211935,127.073355472969,961020.009031845,1656094.4119039
Cell_040,34.8993189079293,127.237531748147,976020.009031845,1656094.4119039
Cell_041,34.8995625456954,127.401710890411,991020.009031845,1656094.4119039
Cell_042,34.8974544727189,128.222586839124,1066020.00903184,1656094.4119039
Cell_043,34.8963677108022,128.386745524274,1081020.00903184,1656094.4119039
Cell_044,35.0126016321937,126.497361619529,908520.009031845,1669084.79296067
Cell_045,35.0138483417063,126.661747359166,923520.009031845,1669084.79296067
Cell_046,35.0148724335414,126.82614229267,938520.009031845,1669084.79296067
Cell_047,35.0156738711848,126.990544617623,953520.009031845,1669084.79296067
Cell_048,35.0162526260584,127.154952531105,968520.009031845,1669084.79296067
Cell_049,35.0166086775234,127.319364229812,983520.009031845,1669084.79296067
Cell_050,35.0167420128822,127.483777910182,998520.009031845,1669084.79296067
Cell_051,35.0166526273797,127.648191768519,1013520.00903184,1669084.79296067
Cell_052,35.0163405242035,127.812604001113,1028520.00903184,1669084.79296067
Cell_053,35.0158057144841,127.977012804366,1043520.00903184,1669084.79296067
Cell_054,35.0150482172934,128.141416374914,1058520.00903184,1669084.79296067
Cell_055,35.014068059643,128.30581290975,1073520.00903184,1669084.79296067
Cell_056,35.0128652764814,128.470200606348,1088520.00903184,1669084.79296067
Cell_057,35.0079216423909,128.963292651251,1133520.00903184,1669084.79296067
Cell_058,35.12901236058,126.413621697014,901020.009031845,1682075.17401744
Cell_059,35.1303762433055,126.578237103491,916020.009031845,1682075.17401744
Cell_060,35.1315165658268,126.742862662672,931020.009031845,1682075.17401744
Cell_061,35.1324332874078,126.907496562113,946020.009031845,1682075.17401744
Cell_062,35.1331263752968,127.072136988802,961020.009031845,1682075.17401744
Cell_063,35.1335958047302,127.236782129276,976020.009031845,1682075.17401744
Cell_064,35.1338415589346,127.40143016975,991020.009031845,1682075.17401744
Cell_065,35.1338636291285,127.566079296238,1006020.00903184,1682075.17401744
Cell_066,35.1336620145233,127.730727694681,1021020.00903184,1682075.17401744
Cell_067,35.1332367223233,127.895373551071,1036020.00903184,1682075.17401744
Cell_068,35.1325877677248,128.060015051572,1051020.00903184,1682075.17401744
Cell_069,35.1317151739151,128.224650382649,1066020.00903184,1682075.17401744
Cell_070,35.1306189720696,128.389277731189,1081020.00903184,1682075.17401744
Cell_071,35.1292992013492,128.553895284628,1096020.00903184,1682075.17401744
Cell_072,35.1277559088959,128.718501231072,1111020.00903184,1682075.17401744
Cell_073,35.1259891498289,128.883093759426,1126020.00903184,1682075.17401744
Cell_074,35.1239989872382,129.047671059513,1141020.00903184,1682075.17401744
Cell_075,35.2468405369177,126.494486122211,908520.009031845,1695065.5550742
Cell_076,35.2480980590439,126.659343160356,923520.009031845,1695065.5550742
Cell_077,35.2491310329932,126.824209498233,938520.009031845,1695065.5550742
Cell_078,35.2499394217897,126.98908331268,953520.009031845,1695065.5550742
Cell_079,35.2505231964943,127.153962780016,968520.009031845,1695065.5550742
Cell_080,35.2508823362073,127.318846076173,983520.009031845,1695065.5550742
Cell_081,35.2510168280706,127.483731376817,998520.009031845,1695065.5550742
Cell_082,35.2509266672689,127.648616857477,1013520.00903184,1695065.5550742
Cell_083,35.2506118570303,127.81350069367,1028520.00903184,1695065.5550742
Cell_084,35.2500724086258,127.978381061024,1043520.00903184,1695065.5550742
Cell_085,35.2493083413685,128.14325613541,1058520.00903184,1695065.5550742
Cell_086,35.2483196826112,128.30812409306,1073520.00903184,1695065.5550742
Cell_087,35.2471064677441,128.4729831107,1088520.00903184,1695065.5550742
Cell_088,35.2456687401912,128.63783136567,1103520.00903184,1695065.5550742
Cell_089,35.2440065514057,128.802667036052,1118520.00903184,1695065.5550742
Cell_090,35.2421199608653,128.967488300797,1133520.00903184,1695065.5550742
Cell_091,35.2400090360661,129.132293339847,1148520.00903184,1695065.5550742
Cell_092,35.3632404760863,126.410492598177,901020.009031845,1708055.93613097
Cell_093,35.3646161697247,126.575581967905,916020.009031845,1708055.93613097
Cell_094,35.3657663674816,126.740681607622,931020.009031845,1708055.93613097
Cell_095,35.3666910281058,126.905789683957,946020.009031845,1708055.93613097
Cell_096,35.3673901184315,127.070904362957,961020.009031845,1708055.93613097
Cell_097,35.367863613382,127.236023810208,976020.009031845,1708055.93613097
Cell_098,35.3681114959716,127.401146190969,991020.009031845,1708055.93613097
Cell_099,35.3681337573078,127.566269670294,1006020.00903184,1708055.93613097
Cell_100,35.3679303965921,127.731392413162,1021020.00903184,1708055.93613097
Cell_101,35.3675014211198,127.896512584602,1036020.00903184,1708055.93613097
Cell_102,35.3668468462795,128.061628349821,1051020.00903184,1708055.93613097
Cell_103,35.3659666955516,128.226737874332,1066020.00903184,1708055.93613097
Cell_104,35.3648610005059,128.391839324081,1081020.00903184,1708055.93613097
Cell_105,35.3635298007983,128.556930865572,1096020.00903184,1708055.93613097
Cell_106,35.3619731441671,128.722010665995,1111020.00903184,1708055.93613097
Cell_107,35.3601910864281,128.887076893354,1126020.00903184,1708055.93613097
Cell_108,35.3581836914691,129.052127716592,1141020.00903184,1708055.93613097
Cell_109,35.3559510312433,129.217161305718,1156020.00903184,1708055.93613097
Cell_110,35.4810701507647,126.491577257359,908520.009031845,1721046.31718774
Cell_111,35.4823385467901,126.656911061706,923520.009031845,1721046.31718774
Cell_112,35.4833804532034,126.822254273574,938520.009031845,1721046.31718774
Cell_113,35.4841958325611,126.987605048678,953520.009031845,1721046.31718774
Cell_114,35.4847846555578,127.152961542201,968520.009031845,1721046.31718774
Cell_115,35.4851469010292,127.318321908933,983520.009031845,1721046.31718774
Cell_116,35.4852825559545,127.48368430339,998520.009031845,1721046.31718774
Cell_117,35.4851916154576,127.649046879951,1013520.00903184,1721046.31718774
Cell_118,35.4848740828073,127.814407792979,1028520.00903184,1721046.31718774
Cell_119,35.4843299694174,127.979765196955,1043520.00903184,1721046.31718774
Cell_120,35.4835592948452,128.145117246603,1058520.00903184,1721046.31718774
Cell_121,35.4825620867898,128.310462097019,1073520.00903184,1721046.31718774
Cell_122,35.4813383810892,128.475797903803,1088520.00903184,1721046.31718774
Cell_123,35.4798882217168,128.641122823181,1103520.00903184,1721046.31718774
Cell_124,35.4782116607768,128.806435012139,1118520.00903184,1721046.31718774
Cell_125,35.4763087584994,128.971732628546,1133520.00903184,1721046.31718774
Cell_126,35.4741795832341,129.137013831287,1148520.00903184,1721046.31718774
Cell_127,35.4718242114437,129.302276780386,1163520.00903184,1721046.31718774
Cell_128,35.6000069523965,126.738475242132,931020.009031845,1734036.6982445
Cell_129,35.6009395972716,126.904062997352,946020.009031845,1734036.6982445
Cell_130,35.6016447242172,127.069657432024,961020.009031845,1734036.6982445
Cell_131,35.6021223078388,127.235256690407,976020.009031845,1734036.6982445
Cell_132,35.6023723309357,127.40085891642,991020.009031845,1734036.6982445
Cell_133,35.6023947845029,127.566462253774,1006020.00903184,1734036.6982445
Cell_134,35.6021896677317,127.732064846105,1021020.00903184,1734036.6982445
Cell_135,35.6017569880097,127.8976648371,1036020.00903184,1734036.6982445
Cell_136,35.6010967609206,128.063260370625,1051020.00903184,1734036.6982445
Cell_137,35.6002090102419,128.228849590863,1066020.00903184,1734036.6982445
Cell_138,35.5990937679433,128.394430642434,1081020.00903184,1734036.6982445
Cell_139,35.5977510741829,128.560001670531,1096020.00903184,1734036.6982445
Cell_140,35.5961809773032,128.725560821049,1111020.00903184,1734036.6982445
Cell_141,35.5943835338268,128.89110624071,1126020.00903184,1734036.6982445
Cell_142,35.59235880845,129.056636077198,1141020.00903184,1734036.6982445
Cell_143,35.590106874037,129.222148479284,1156020.00903184,1734036.6982445
Cell_144,35.5876278116119,129.387641596957,1171020.00903184,1734036.6982445
Cell_145,35.7165697773202,126.654450739834,923520.009031845,1747027.07930127
Cell_146,35.7176206672865,126.820276358686,938520.009031845,1747027.07930127
Cell_147,35.7184430771917,126.986109629017,953520.009031845,1747027.07930127
Cell_148,35.7190369773591,127.151948684493,968520.009031845,1747027.07930127
Cell_149,35.7194023463564,127.317791658373,983520.009031845,1747027.07930127
Cell_150,35.7195391709976,127.483636683641,998520.009031845,1747027.07930127
Cell_151,35.7194474463448,127.649481893138,1013520.00903184,1747027.07930127
Cell_152,35.7191271757084,127.81532541969,1028520.00903184,1747027.07930127
Cell_153,35.7185783706466,127.981165396242,1043520.00903184,1747027.07930127
Cell_154,35.7178010509647,128.146999955989,1058520.00903184,1747027.07930127
Cell_155,35.7167952447128,128.312827232506,1073520.00903184,1747027.07930127
Cell_156,35.715560988183,128.47864535988,1088520.00903184,1747027.07930127
Cell_157,35.7140983259058,128.64445247284,1103520.00903184,1747027.07930127
Cell_158,35.7124073106456,128.81024670689,1118520.00903184,1747027.07930127
Cell_159,35.7104880033955,128.976026198437,1133520.00903184,1747027.07930127
Cell_160,35.7083404733708,129.141789084922,1148520.00903184,1747027.07930127
Cell_161,35.7059647980027,129.307533504953,1163520.00903184,1747027.07930127
Cell_162,35.8342382936295,126.736243271859,931020.009031845,1760017.46035804
Cell_163,35.8351789686272,126.90231627192,946020.009031845,1760017.46035804
Cell_164,35.8358901668778,127.068396029625,961020.009031845,1760017.46035804
Cell_165,35.8363718626648,127.234480667509,976020.009031845,1760017.46035804
Cell_166,35.8366240385694,127.400568307767,991020.009031845,1760017.46035804
Cell_167,35.8366466854722,127.566657072377,1006020.00903184,1760017.46035804
Cell_168,35.8364398025544,127.732745083241,1021020.00903184,1760017.46035804
Cell_169,35.8360033972973,127.898830462314,1036020.00903184,1760017.46035804
Cell_170,35.835337485482,128.064911331735,1051020.00903184,1760017.46035804
Cell_171,35.834442091188,128.230985813964,1066020.00903184,1760017.46035804
Cell_172,35.83331724679,128.397052031908,1081020.00903184,1760017.46035804
Cell_173,35.8319629929553,128.563108109061,1096020.00903184,1760017.46035804
Cell_174,35.8303793786397,128.729152169631,1111020.00903184,1760017.46035804
Cell_175,35.8285664610821,128.895182338674,1126020.00903184,1760017.46035804
Cell_176,35.826524305799,129.061196742226,1141020.00903184,1760017.46035804
Cell_177,35.8242529865779,129.227193507434,1156020.00903184,1760017.46035804
Cell_178,35.82175258547,129.393170762688,1171020.00903184,1760017.46035804
Cell_179,35.9518516489487,126.818275488822,938520.009031845,1773007.8414148
Cell_180,35.9526811299757,126.984596853514,953520.009031845,1773007.8414148
Cell_181,35.9532801366173,127.150924071296,968520.009031845,1773007.8414148
Cell_182,35.9536486471691,127.317255253504,983520.009031845,1773007.8414148
Cell_183,35.9537866482779,127.483588511195,998520.009031845,1773007.8414148
Cell_184,35.9536941349431,127.649921955279,1013520.00903184,1773007.8414148
Cell_185,35.9533711105169,127.81625369665,1028520.00903184,1773007.8414148
Cell_186,35.9528175867045,127.982581846326,1043520.00903184,1773007.8414148
Cell_187,35.9520335835624,128.148904515578,1058520.00903184,1773007.8414148
Cell_188,35.9510191294967,128.315219816065,1073520.00903184,1773007.8414148
Cell_189,35.94977426126,128.481525859972,1088520.00903184,1773007.8414148
Cell_190,35.9482990239479,128.647820760136,1103520.00903184,1773007.8414148
Cell_191,35.9465934709944,128.814102630186,1118520.00903184,1773007.8414148
Cell_192,35.9446576641661,128.980369584676,1133520.00903184,1773007.8414148
Cell_193,35.9424916735565,129.146619739214,1148520.00903184,1773007.8414148
Cell_194,35.9400955775787,129.3128512106,1163520.00903184,1773007.8414148
Cell_195,35.9374694629573,129.479062116956,1178520.00903184,1773007.8414148
Cell_196,36.0684603648253,126.733985397089,931020.009031845,1785998.22247157
Cell_197,36.0694091164923,126.900549273082,946020.009031845,1785998.22247157
Cell_198,36.0701264212436,127.06711998634,961020.009031845,1785998.22247157
Cell_199,36.070612253036,127.233695637282,976020.009031845,1785998.22247157
Cell_200,36.0708665942294,127.400274325975,991020.009031845,1785998.22247157
Cell_201,36.0708894355888,127.566854152271,1006020.00903184,1785998.22247157
Cell_202,36.0706807762848,127.733433215938,1021020.00903184,1785998.22247157
Cell_203,36.0702406238938,127.900009616802,1036020.00903184,1785998.22247157
Cell_204,36.0695689943974,128.066581454876,1051020.00903184,1785998.22247157
Cell_205,36.0686659121807,128.233146830499,1066020.00903184,1785998.22247157
Cell_206,36.0675314100299,128.399703844471,1081020.00903184,1785998.22247157
Cell_207,36.0661655291285,128.566250598188,1096020.00903184,1785998.22247157
Cell_208,36.064568319054,128.732785193775,1111020.00903184,1785998.22247157
Cell_209,36.0627398377721,128.899305734225,1126020.00903184,1785998.22247157
Cell_210,36.060680151631,129.06581032353,1141020.00903184,1785998.22247157
Cell_211,36.0583893353549,129.232297066819,1156020.00903184,1785998.22247157
Cell_212,36.1850043591345,126.64944410331,923520.009031845,1798988.60352834
Cell_213,36.1860733724897,126.816251394399,938520.009031845,1798988.60352834
Cell_214,36.1869099658103,126.983066518329,953520.009031845,1798988.60352834
Cell_215,36.1875141086611,127.149887564537,968520.009031845,1798988.60352834
Cell_216,36.1878857790617,127.316712622039,983520.009031845,1798988.60352834
Cell_217,36.1880249634892,127.48353977956,998520.009031845,1798988.60352834
Cell_218,36.1879316568794,127.650367125676,1013520.00903184,1798988.60352834
Cell_219,36.1876058626272,127.817192748951,1028520.00903184,1798988.60352834
Cell_220,36.1870475925866,127.98401473807,1043520.00903184,1798988.60352834
Cell_221,36.1862568670689,128.15083118198,1058520.00903184,1798988.60352834
Cell_222,36.1852337148414,128.317640170025,1073520.00903184,1798988.60352834
Cell_223,36.1839781731238,128.48443979208,1088520.00903184,1798988.60352834
Cell_224,36.1824902875847,128.651228138694,1103520.00903184,1798988.60352834
Cell_225,36.1807701123372,128.818003301222,1118520.00903184,1798988.60352834
Cell_226,36.1788177099327,128.98476337196,1133520.00903184,1798988.60352834
Cell_227,36.1766331513552,129.151506444287,1148520.00903184,1798988.60352834
Cell_228,36.1742165160139,129.318230612794,1163520.00903184,1798988.60352834
Cell_229,36.3014828709264,126.564649703235,916020.009031845,1811978.9845851
Cell_230,36.3026731402166,126.731701312621,931020.009031845,1811978.9845851
Cell_231,36.3036300157858,126.898761761963,946020.009031845,1811978.9845851
Cell_232,36.3043534627521,127.065829129651,961020.009031845,1811978.9845851
Cell_233,36.3048434547414,127.232901493584,976020.009031845,1811978.9845851
Cell_234,36.305099973889,127.399976931296,991020.009031845,1811978.9845851
Cell_235,36.3051230108424,127.567053520102,1006020.00903184,1811978.9845851
Cell_236,36.3049125647616,127.734129337236,1021020.00903184,1811978.9845851
Cell_237,36.3044686433195,127.901202459984,1036020.00903184,1811978.9845851
Cell_238,36.303791262701,128.068270965829,1051020.00903184,1811978.9845851
Cell_239,36.3028804476015,128.235332932584,1066020.00903184,1811978.9845851
Cell_240,36.3017362312239,128.402386438533,1081020.00903184,1811978.9845851
Cell_241,36.300358655276,128.569429562569,1096020.00903184,1811978.9845851
Cell_242,36.2987477699655,128.736460384332,1111020.00903184,1811978.9845851
Cell_243,36.2969036339954,128.903476984345,1126020.00903184,1811978.9845851
Cell_244,36.2948263145575,129.070477444153,1141020.00903184,1811978.9845851
Cell_245,36.2925158873262,129.237459846463,1156020.00903184,1811978.9845851
Cell_246,36.2899724364499,129.404422275278,1171020.00903184,1811978.9845851
Cell_247,36.4192076580725,126.64689711193,923520.009031845,1824969.36564187
Cell_248,36.4202858128032,126.814203800892,938520.009031845,1824969.36564187
Cell_249,36.4211295601968,126.981518415883,953520.009031845,1824969.36564187
Cell_250,36.4217388694304,127.148839023614,968520.009031845,1824969.36564187
Cell_251,36.422113718244,127.316163690365,983520.009031845,1824969.36564187
Cell_252,36.4222540929425,127.483490482124,998520.009031845,1824969.36564187
Cell_253,36.4221599883971,127.650817464722,1013520.00903184,1824969.36564187
Cell_254,36.4218314080459,127.818142703979,1028520.00903184,1824969.36564187
Cell_255,36.4212683638939,127.98546426584,1043520.00903184,1824969.36564187
Cell_256,36.4204708765112,128.152780216515,1058520.00903184,1824969.36564187
Cell_257,36.419438975031,128.320088622621,1073520.00903184,1824969.36564187
Cell_258,36.418172697147,128.487387551319,1088520.00903184,1824969.36564187
Cell_259,36.4166720891093,128.654675070457,1103520.00903184,1824969.36564187
Cell_260,36.4149372057194,128.821949248704,1118520.00903184,1824969.36564187
Cell_261,36.4129681103251,128.989208155696,1133520.00903184,1824969.36564187
Cell_262,36.4107648748136,129.156449862169,1148520.00903184,1824969.36564187
Cell_263,36.4083275796043,129.323672440101,1163520.00903184,1824969.36564187
Cell_264,36.5356761605709,126.561836865466,916020.009031845,1837959.74669864
Cell_265,36.5368765946245,126.729390707655,931020.009031845,1837959.74669864
Cell_266,36.5378416420261,126.896953495302,946020.009031845,1837959.74669864
Cell_267,36.5385712674496,127.064523283873,961020.009031845,1837959.74669864
Cell_268,36.5390654441844,127.232098128326,976020.009031845,1837959.74669864
Cell_269,36.5393241541386,127.399676083249,991020.009031845,1837959.74669864
Cell_270,36.5393473878403,127.567255203009,1006020.00903184,1837959.74669864
Cell_271,36.5391351444387,127.734833541883,1021020.00903184,1837959.74669864
Cell_272,36.5386874317046,127.902409154209,1036020.00903184,1837959.74669864
Cell_273,36.5380042660292,128.069980094522,1051020.00903184,1837959.74669864
Cell_274,36.5370856724224,128.237544417694,1066020.00903184,1837959.74669864
Cell_275,36.5359316845103,128.40510017908,1081020.00903184,1837959.74669864
Cell_276,36.5345423445321,128.572645434656,1096020.00903184,1837959.74669864
Cell_277,36.5329177033352,128.74017824116,1111020.00903184,1837959.74669864
Cell_278,36.5310578203703,128.907696656236,1126020.00903184,1837959.74669864
Cell_279,36.528962763685,129.075198738568,1141020.00903184,1837959.74669864
Cell_280,36.5266326099173,129.242682548029,1156020.00903184,1837959.74669864
Cell_281,36.5240674442874,129.410146145814,1171020.00903184,1837959.74669864
Cell_282,36.6534015951033,126.644320543611,923520.009031845,1850950.1277554
Cell_283,36.6544889453779,126.812132428729,938520.009031845,1850950.1277554
Cell_284,36.6553398892414,126.979952334781,953520.009031845,1850950.1277554
Cell_285,36.6559543954778,127.147778305335,968520.009031845,1850950.1277554
Cell_286,36.6563324415431,127.315608383517,983520.009031845,1850950.1277554
Cell_287,36.6564740135676,127.483440612155,998520.009031845,1850950.1277554
Cell_288,36.6563791063569,127.651273033918,1013520.00903184,1850950.1277554
Cell_289,36.6560477233934,127.819103691462,1028520.00903184,1850950.1277554
Cell_290,36.6554798768347,127.986930627571,1043520.00903184,1850950.1277554
Cell_291,36.6546755875135,128.154751885301,1058520.00903184,1850950.1277554
Cell_292,36.6536348849346,128.322565508124,1073520.00903184,1850950.1277554
Cell_293,36.6523578072723,128.490369540065,1088520.00903184,1850950.1277554
Cell_294,36.6508444013664,128.658162025853,1103520.00903184,1850950.1277554
Cell_295,36.6490947227173,128.825941011057,1118520.00903184,1850950.1277554
Cell_296,36.6471088354803,128.99370454223,1133520.00903184,1850950.1277554
Cell_297,36.644886812459,129.161450667052,1148520.00903184,1850950.1277554
Cell_298,36.6424287350977,129.329177434471,1163520.00903184,1850950.1277554
Cell_299,36.7667267379241,126.222902572114,886020.009031845,1863940.50881217
Cell_300,36.7684120378974,126.390940472223,901020.009031845,1863940.50881217
Cell_301,36.7698600441478,126.558991358878,916020.009031845,1863940.50881217
Cell_302,36.7710707034594,126.727053265665,931020.009031845,1863940.50881217
Cell_303,36.772043971333,126.895124225362,946020.009031845,1863940.50881217
Cell_304,36.7727798119919,127.063202270084,961020.009031845,1863940.50881217
Cell_305,36.7732781983845,127.231285431427,976020.009031845,1863940.50881217
Cell_306,36.7735391121877,127.399371740611,991020.009031845,1863940.50881217
Cell_307,36.7735625438089,127.567459228626,1006020.00903184,1863940.50881217
Cell_308,36.7733484923865,127.735545926373,1021020.00903184,1863940.50881217
Cell_309,36.7728969657904,127.903629864816,1036020.00903184,1863940.50881217
Cell_310,36.772207980621,128.071709075115,1051020.00903184,1863940.50881217
Cell_311,36.7712815622074,128.239781588783,1066020.00903184,1863940.50881217
Cell_312,36.7701177446053,128.407845437819,1081020.00903184,1863940.50881217
Cell_313,36.7687165705926,128.57589865486,1096020.00903184,1863940.50881217
Cell_314,36.7670780916657,128.743939273321,1111020.00903184,1863940.50881217
Cell_315,36.765202368034,128.911965327541,1126020.00903184,1863940.50881217
Cell_316,36.7630894686134,129.079974852924,1141020.00903184,1863940.50881217
Cell_317,36.7607394710197,129.247965886087,1156020.00903184,1863940.50881217
Cell_318,36.7581524615598,129.415936464999,1171020.00903184,1863940.50881217
Cell_319,36.8862511676832,126.473401192272,908520.009031845,1876930.88986894
Cell_320,36.8875861455093,126.641714044227,923520.009031845,1876930.88986894
Cell_321,36.8886827462986,126.810036993182,938520.009031845,1876930.88986894
Cell_322,36.889540929657,126.978368059731,953520.009031845,1876930.88986894
Cell_323,36.8901606639696,127.14670526387,968520.009031845,1876930.88986894
Cell_324,36.8905419264043,127.315046625146,983520.009031845,1876930.88986894
Cell_325,36.8906847029143,127.483390162797,998520.009031845,1876930.88986894
Cell_326,36.8905889882388,127.6517338959,1013520.00903184,1876930.88986894
Cell_327,36.8902547859046,127.82007584352,1028520.00903184,1876930.88986894
Cell_328,36.8896821082248,127.988414024852,1043520.00903184,1876930.88986894
Cell_329,36.8888709762982,128.15674645937,1058520.00903184,1876930.88986894
Cell_330,36.8878214200065,128.325071166969,1073520.00903184,1876930.88986894
Cell_331,36.8865334780118,128.493386168114,1088520.00903184,1876930.88986894
Cell_332,36.8850071977523,128.661689483987,1103520.00903184,1876930.88986894
Cell_333,36.8832426354372,128.829979136628,1118520.00903184,1876930.88986894
Cell_334,36.8812398560413,128.998253149084,1133520.00903184,1876930.88986894
Cell_335,36.8789989332977,129.166509545551,1148520.00903184,1876930.88986894
Cell_336,36.8765199496909,129.334746351524,1163520.00903184,1876930.88986894
Cell_337,37.0062369804281,126.893273699827,946020.009031845,1889921.2709257
Cell_338,37.0069790736459,127.061865906058,961020.009031845,1889921.2709257
Cell_339,37.0074816949777,127.230463290776,976020.009031845,1889921.2709257
Cell_340,37.0077448258661,127.399063861396,991020.009031845,1889921.2709257
Cell_341,37.0077684565955,127.567665625101,1006020.00903184,1889921.2709257
Cell_342,37.0075525862935,127.736266588983,1021020.00903184,1889921.2709257
Cell_343,37.0070972229306,127.904864760196,1036020.00903184,1889921.2709257
Cell_344,37.0064023833195,128.073458146097,1051020.00903184,1889921.2709257
Cell_345,37.0054680931133,128.242044754402,1066020.00903184,1889921.2709257
Cell_346,37.004294386803,128.410622593324,1081020.00903184,1889921.2709257
Cell_347,37.0028813077138,128.579189671728,1096020.00903184,1889921.2709257
Cell_348,37.0012289080004,128.747743999273,1111020.00903184,1889921.2709257
Cell_349,36.9993372486419,128.916283586564,1126020.00903184,1889921.2709257
Cell_350,36.9972063994352,129.084806445295,1141020.00903184,1889921.2709257
Cell_351,36.994836438988,129.253310588394,1156020.00903184,1889921.2709257
Cell_352,36.9922274547103,129.421794030177,1171020.00903184,1889921.2709257
Cell_353,37.1237326587634,126.976765371455,953520.009031845,1902911.65198247
Cell_354,37.1243576526869,127.145619750692,968520.009031845,1902911.65198247
Cell_355,37.1247421508927,127.314478337491,983520.009031845,1902911.65198247
Cell_356,37.1248861391539,127.483339127065,998520.009031845,1902911.65198247
Cell_357,37.1247896121428,127.652200114463,1013520.00903184,1902911.65198247
Cell_358,37.124452573431,127.821059294719,1028520.00903184,1902911.65198247
Cell_359,37.1238750354894,127.989914663002,1043520.00903184,1902911.65198247
Cell_360,37.1230570196867,128.158764214763,1058520.00903184,1902911.65198247
Cell_361,37.1219985562874,128.327605945888,1073520.00903184,1902911.65198247
Cell_362,37.1206996844483,128.496437852842,1088520.00903184,1902911.65198247
Cell_363,37.1191604522147,128.665257932824,1103520.00903184,1902911.65198247
Cell_364,37.1173809165152,128.834064183908,1118520.00903184,1902911.65198247
Cell_365,37.115361143156,129.002854605198,1133520.00903184,1902911.65198247
Cell_366,37.1131012068137,129.171627196975,1148520.00903184,1902911.65198247
Cell_367,37.1106011910276,129.340379960843,1163520.00903184,1902911.65198247
Cell_368,37.2404206466356,126.891401661706,946020.009031845,1915902.03303924
Cell_369,37.2411690302907,127.060514006192,961020.009031845,1915902.03303924
Cell_370,37.2416759122189,127.229631592179,976020.009031845,1915902.03303924
Cell_371,37.241941273625,127.398752402838,991020.009031845,1915902.03303924
Cell_372,37.241965104669,127.567874421102,1006020.00903184,1915902.03303924
Cell_373,37.2417474044673,127.736995629809,1021020.00903184,1915902.03303924
Cell_374,37.2412881810925,127.906114011862,1036020.00903184,1915902.03303924
Cell_375,37.2405874515727,128.075227550373,1051020.00903184,1915902.03303924
Cell_376,37.2396452418898,128.244334228817,1066020.00903184,1915902.03303924
Cell_377,37.2384615869768,128.41343203118,1081020.00903184,1915902.03303924
Cell_378,37.2370365307137,128.582518942112,1096020.00903184,1915902.03303924
Cell_379,37.2353701259235,128.751592947079,1111020.00903184,1915902.03303924
Cell_380,37.2334624343664,128.920652032508,1126020.00903184,1915902.03303924
Cell_381,37.2313135267333,129.08969418594,1141020.00903184,1915902.03303924
Cell_382,37.2289234826383,129.258717396182,1156020.00903184,1915902.03303924
Cell_383,37.3570422605007,126.80577276657,938520.009031845,1928892.414096
Cell_384,37.357915054489,126.975144046607,953520.009031845,1928892.414096
Cell_385,37.3585453400271,127.144521614513,968520.009031845,1928892.414096
Cell_386,37.3589330936941,127.313903441347,983520.009031845,1928892.414096
Cell_387,37.3590783010806,127.483287497847,998520.009031845,1928892.414096
Cell_388,37.3589809567904,127.652671754587,1013520.00903184,1928892.414096
Cell_389,37.3586410644411,127.822054182122,1028520.00903184,1928892.414096
Cell_390,37.3580586366634,127.991432751148,1043520.00903184,1928892.414096
Cell_391,37.3572336951003,128.160805432648,1058520.00903184,1928892.414096
Cell_392,37.3561662704043,128.330170198048,1073520.00903184,1928892.414096
Cell_393,37.3548564022345,128.49952501937,1088520.00903184,1928892.414096
Cell_394,37.3533041392522,128.66886786938,1103520.00903184,1928892.414096
Cell_395,37.3515095391161,128.838196721744,1118520.00903184,1928892.414096
Cell_396,37.3494726684761,129.007509551178,1133520.00903184,1928892.414096
Cell_397,37.3471936029659,129.176804333599,1148520.00903184,1928892.414096
Cell_398,37.4735967194828,126.719876663848,931020.009031845,1941882.79515277
Cell_399,37.4745949478835,126.889507849231,946020.009031845,1941882.79515277
Cell_400,37.4753496604181,127.059146381432,961020.009031845,1941882.79515277
Cell_401,37.475860828982,127.228790219323,976020.009031845,1941882.79515277
Cell_402,37.4761284345385,127.39843732138,991020.009031845,1941882.79515277
Cell_403,37.4761524671215,127.56808564583,1006020.00903184,1941882.79515277
Cell_404,37.4759329258358,127.73773315081,1021020.00903184,1941882.79515277
Cell_405,37.4754698188578,127.907377794517,1036020.00903184,1941882.79515277
Cell_406,37.4747631634343,128.077017535364,1051020.00903184,1941882.79515277
Cell_407,37.4738129858807,128.246650332136,1066020.00903184,1941882.79515277
Cell_408,37.4726193215784,128.416274144139,1081020.00903184,1941882.79515277
Cell_409,37.4711822149709,128.58588693136,1096020.00903184,1941882.79515277
Cell_410,37.4695017195592,128.755486654614,1111020.00903184,1941882.79515277
Cell_411,37.4675778978961,128.925071275704,1126020.00903184,1941882.79515277
Cell_412,37.4654108215797,129.094638757571,1141020.00903184,1941882.79515277
Cell_413,37.5912079289379,126.80360337925,938520.009031845,1954873.17620954
Cell_414,37.5920880953712,126.973503857683,953520.009031845,1954873.17620954
Cell_415,37.5927237050048,127.143410701232,968520.009031845,1954873.17620954
Cell_416,37.5931147341167,127.313321856034,983520.009031845,1954873.17620954
Cell_417,37.5932611681123,127.483235267897,998520.009031845,1954873.17620954
Cell_418,37.593163001526,127.65314888246,1013520.00903184,1954873.17620954
Cell_419,37.5928202380219,127.823060645344,1028520.00903184,1954873.17620954
Cell_420,37.5922328903932,127.992968502313,1043520.00903184,1954873.17620954
Cell_421,37.5914009805608,128.162870399425,1058520.00903184,1954873.17620954
Cell_422,37.5903245395714,128.332764283191,1073520.00903184,1954873.17620954
Cell_423,37.5890036075936,128.502648100731,1088520.00903184,1954873.17620954
Cell_424,37.5874382339143,128.672519799924,1103520.00903184,1954873.17620954
Cell_425,37.5856284769327,128.842377329572,1118520.00903184,1954873.17620954
Cell_426,37.5835744041551,129.012218639546,1133520.00903184,1954873.17620954
Cell_427,37.7077532119379,126.717428589669,931020.009031845,1967863.5572663
Cell_428,37.7087598627044,126.887591995754,946020.009031845,1967863.5572663
Cell_429,37.7095209431344,127.057762839198,961020.009031845,1967863.5572663
Cell_430,37.7100364247618,127.227939053724,976020.009031845,1967863.5572663
Cell_431,37.7103062883049,127.398118572648,991020.009031845,1967863.5572663
Cell_432,37.7103305236694,127.568299329032,1006020.00903184,1967863.5572663
Cell_433,37.7101091299487,127.738479255846,1021020.00903184,1967863.5572663
Cell_434,37.7096421154242,127.90865628612,1036020.00903184,1967863.5572663
Cell_435,37.7089294975646,128.078828353107,1051020.00903184,1967863.5572663
Cell_436,37.7079713030241,128.248993390438,1066020.00903184,1967863.5572663
Cell_437,37.7067675676391,128.419149332279,1081020.00903184,1967863.5572663
Cell_438,37.705318336425,128.58929411349,1096020.00903184,1967863.5572663
Cell_439,37.7036236635709,128.759425669779,1111020.00903184,1967863.5572663
Cell_440,37.7016836124341,128.929541937862,1126020.00903184,1967863.5572663
Cell_441,37.8093911892316,125.438403290389,818520.009031845,1980853.93832307
Cell_442,37.819348463607,126.119771389901,878520.009031845,1980853.93832307
Cell_443,37.8212220943802,126.290160671482,893520.009031845,1980853.93832307
Cell_444,37.822849295819,126.460564707372,908520.009031845,1980853.93832307
Cell_445,37.8242300069513,126.630981421243,923520.009031845,1980853.93832307
Cell_446,37.8253641760338,126.801408735797,938520.009031845,1980853.93832307
Cell_447,37.8262517605576,126.971844572926,953520.009031845,1980853.93832307
Cell_448,37.8268927272528,127.142286853867,968520.009031845,1980853.93832307
Cell_449,37.8272870520919,127.312733499366,983520.009031845,1980853.93832307
Cell_450,37.8274347202922,127.483182429835,998520.009031845,1980853.93832307
Cell_451,37.8273357263178,127.653631565509,1013520.00903184,1980853.93832307
Cell_452,37.82699007388,127.824078826609,1028520.00903184,1980853.93832307
Cell_453,37.8263977759367,127.994522133499,1043520.00903184,1980853.93832307
Cell_454,37.8255588546913,128.164959406847,1058520.00903184,1980853.93832307
Cell_455,37.8244733415901,128.335388567779,1073520.00903184,1980853.93832307
Cell_456,37.8231412773194,128.505807538047,1088520.00903184,1980853.93832307
Cell_457,37.8215627118004,128.67621424018,1103520.00903184,1980853.93832307
Cell_458,37.8197377041847,128.846606597646,1118520.00903184,1980853.93832307
Cell_459,37.9248708146457,125.349859241186,811020.009031845,1993844.31937983
Cell_460,37.9278648878503,125.5204256233,826020.009031845,1993844.31937983
Cell_461,37.9306118884841,125.691016235877,841020.009031845,1993844.31937983
Cell_462,37.9353642690284,126.032261819617,871020.009031845,1993844.31937983
Cell_463,37.937369470571,126.202912620289,886020.009031845,1993844.31937983
Cell_464,37.9391272428256,126.373579310759,901020.009031845,1993844.31937983
Cell_465,37.9406375197866,126.544259802409,916020.009031845,1993844.31937983
Cell_466,37.9419002447332,126.714952005561,931020.009031845,1993844.31937983
Cell_467,37.9429153702358,126.885653829633,946020.009031845,1993844.31937983
Cell_468,37.9436828581607,127.056363183306,961020.009031845,1993844.31937983
Cell_469,37.9442026796747,127.227077974681,976020.009031845,1993844.31937983
Cell_470,37.9444748152476,127.397796111441,991020.009031845,1993844.31937983
Cell_471,37.9444992546548,127.568515501011,1006020.00903184,1993844.31937983
Cell_472,37.944275996978,127.73923405072,1021020.00903184,1993844.31937983
Cell_473,37.9438050506055,127.909949667961,1036020.00903184,1993844.31937983
Cell_474,37.9430864332313,128.080660260353,1051020.00903184,1993844.31937983
Cell_475,37.9421201718531,128.251363735902,1066020.00903184,1993844.31937983
Cell_476,37.9409063027694,128.422058003162,1081020.00903184,1993844.31937983
Cell_477,37.939444871576,128.592740971393,1096020.00903184,1993844.31937983
Cell_478,37.9377359331606,128.763410550725,1111020.00903184,1993844.31937983
Cell_479,38.0368944880265,125.090235578127,788520.009031845,2006834.7004366
Cell_480,38.040273058664,125.261032180055,803520.009031845,2006834.7004366
Cell_481,38.0434036949204,125.431856302692,818520.009031845,2006834.7004366
Cell_482,38.0462862791233,125.602705853253,833520.009031845,2006834.7004366
Cell_483,38.0489207028938,125.773578736991,848520.009031845,2006834.7004366
Cell_484,38.0513068671575,125.944472857363,863520.009031845,2006834.7004366
Cell_485,38.0534446821555,126.115386116183,878520.009031845,2006834.7004366
Cell_486,38.055334067454,126.286316413791,893520.009031845,2006834.7004366
Cell_487,38.0569749519528,126.45726164921,908520.009031845,2006834.7004366
Cell_488,38.0583672738929,126.628219720311,923520.009031845,2006834.7004366
Cell_489,38.0595109808634,126.79918852397,938520.009031845,2006834.7004366
Cell_490,38.0604060298066,126.970165956237,953520.009031845,2006834.7004366
Cell_491,38.0610523870232,127.141149912493,968520.009031845,2006834.7004366
Cell_492,38.0614500281754,127.312138287615,983520.009031845,2006834.7004366
Cell_493,38.0615989382899,127.48312897614,998520.009031845,2006834.7004366
Cell_494,38.0614991117592,127.654119872423,1013520.00903184,2006834.7004366
Cell_495,38.0611505523424,127.825108870807,1028520.00903184,2006834.7004366
Cell_496,38.0605532731649,127.996093865777,1043520.00903184,2006834.7004366
Cell_497,38.0597072967165,128.167072752133,1058520.00903184,2006834.7004366
Cell_498,38.0586126548497,128.338043425141,1073520.00903184,2006834.7004366
Cell_499,38.0572693887757,128.509003780708,1088520.00903184,2006834.7004366
Cell_500,38.0556775490601,128.679951715534,1103520.00903184,2006834.7004366
Cell_501,38.1520799387114,125.000866019557,781020.009031845,2019825.08149337
Cell_502,38.1555970939673,125.171920021142,796020.009031845,2019825.08149337
Cell_503,38.1588653406023,125.343002766735,811020.009031845,2019825.08149337
Cell_504,38.161884555515,125.514112151624,826020.009031845,2019825.08149337
Cell_505,38.1646546249507,125.685246069031,841020.009031845,2019825.08149337
Cell_506,38.1671754445135,125.856402410282,856020.009031845,2019825.08149337
Cell_507,38.1694469191776,126.02757906496,871020.009031845,2019825.08149337
Cell_508,38.1714689632976,126.198773921076,886020.009031845,2019825.08149337
Cell_509,38.1732415006173,126.369984865228,901020.009031845,2019825.08149337
Cell_510,38.1747644642783,126.541209782764,916020.009031845,2019825.08149337
Cell_511,38.1760377968271,126.71244655795,931020.009031845,2019825.08149337
Cell_512,38.1770614502211,126.883693074129,946020.009031845,2019825.08149337
Cell_513,38.1778353858341,127.05494721389,961020.009031845,2019825.08149337
Cell_514,38.17835957446,127.226206859227,976020.009031845,2019825.08149337
Cell_515,38.1786339963164,127.397469891708,991020.009031845,2019825.08149337
Cell_516,38.1786586410464,127.568734192638,1006020.00903184,2019825.08149337
Cell_517,38.1784335077199,127.739997643223,1021020.00903184,2019825.08149337
Cell_518,38.1779586048336,127.911258124735,1036020.00903184,2019825.08149337
Cell_519,38.1772339503101,128.082513518676,1051020.00903184,2019825.08149337
Cell_520,38.1762595714961,128.253761706945,1066020.00903184,2019825.08149337
Cell_521,38.1750355051593,128.425000571999,1081020.00903184,2019825.08149337
Cell_522,38.1735617974844,128.59622799702,1096020.00903184,2019825.08149337
Cell_523,38.2671852980213,124.911208399289,773520.009031845,2032815.46255013
Cell_524,38.2708420887519,125.082520666743,788520.009031845,2032815.46255013
Cell_525,38.2742489965252,125.253862915634,803520.009031845,2032815.46255013
Cell_526,38.2774058927484,125.425233029264,818520.009031845,2032815.46255013
Cell_527,38.2803126582288,125.596628888766,833520.009031845,2032815.46255013
Cell_528,38.2829691831867,125.768048373273,848520.009031845,2032815.46255013
Cell_529,38.2853753672673,125.939489360074,863520.009031845,2032815.46255013
Cell_530,38.2875311195512,126.110949724785,878520.009031845,2032815.46255013
Cell_531,38.2894363585646,126.282427341511,893520.009031845,2032815.46255013
Cell_532,38.2910910122879,126.453920083014,908520.009031845,2032815.46255013
Cell_533,38.2924950181632,126.625425820872,923520.009031845,2032815.46255013
Cell_534,38.2936483231016,126.796942425653,938520.009031845,2032815.46255013
Cell_535,38.2945508834885,126.968467767076,953520.009031845,2032815.46255013
Cell_536,38.2952026651884,127.139999714177,968520.009031845,2032815.46255013
Cell_537,38.2956036435488,127.311536135478,983520.009031845,2032815.46255013
Cell_538,38.2957538034026,127.483074899151,998520.009031845,2032815.46255013
Cell_539,38.2956531390697,127.654613873185,1013520.00903184,2032815.46255013
Cell_540,38.2953016543579,127.826150925551,1028520.00903184,2032815.46255013
Cell_541,38.2946993625623,127.997683924374,1043520.00903184,2032815.46255013
Cell_542,38.2938462864639,128.169210738092,1058520.00903184,2032815.46255013
Cell_543,38.2927424583272,128.340729235628,1073520.00903184,2032815.46255013
Cell_544,38.2913879198965,128.512237286551,1088520.00903184,2032815.46255013
Cell_545,38.3860072066878,124.992832007252,781020.009031845,2045805.8436069
Cell_546,38.3895538298049,125.164434637586,796020.009031845,2045805.8436069
Cell_547,38.392849461413,125.336066372336,811020.009031845,2045805.8436069
Cell_548,38.3958939768188,125.507725080488,826020.009031845,2045805.8436069
Cell_549,38.398687260796,125.679408628919,841020.009031845,2045805.8436069
Cell_550,38.4012292075978,125.851114882564,856020.009031845,2045805.8436069
Cell_551,38.4035197209686,126.022841704578,871020.009031845,2045805.8436069
Cell_552,38.4055587141543,126.194586956509,886020.009031845,2045805.8436069
Cell_553,38.4073461099115,126.366348498457,901020.009031845,2045805.8436069
Cell_554,38.4088818405162,126.538124189249,916020.009031845,2045805.8436069
Cell_555,38.4101658477707,126.709911886602,931020.009031845,2045805.8436069
Cell_556,38.4111980830103,126.88170944729,946020.009031845,2045805.8436069
Cell_557,38.4119785071085,127.053514727316,961020.009031845,2045805.8436069
Cell_558,38.4125070904807,127.225325582077,976020.009031845,2045805.8436069
Cell_559,38.4127838130885,127.39713986653,991020.009031845,2045805.8436069
Cell_560,38.4128086644406,127.568955435367,1006020.00903184,2045805.8436069
Cell_561,38.412581643595,127.740770143176,1021020.00903184,2045805.8436069
Cell_562,38.4121027591583,127.912581844615,1036020.00903184,2045805.8436069
Cell_563,38.4113720292856,128.084388394576,1051020.00903184,2045805.8436069
Cell_564,38.4103894816775,128.256187648356,1066020.00903184,2045805.8436069
Cell_565,38.4091551535781,128.427977461823,1081020.00903184,2045805.8436069
Cell_566,38.5047790030021,125.07471580872,788520.009031845,2058796.22466367
Cell_567,38.508214427557,125.24661005483,803520.009031845,2058796.22466367
Cell_568,38.5113977502841,125.418532516212,818520.009031845,2058796.22466367
Cell_569,38.5143288504471,125.590481047429,833520.009031845,2058796.22466367
Cell_570,38.5170076168442,125.762453500995,848520.009031845,2058796.22466367
Cell_571,38.5194339478204,125.934447727544,863520.009031845,2058796.22466367
Cell_572,38.5216077512782,126.106461575995,878520.009031845,2058796.22466367
Cell_573,38.5235289446877,126.278492893725,893520.009031845,2058796.22466367
Cell_574,38.5251974550957,126.450539526734,908520.009031845,2058796.22466367
Cell_575,38.5266132191334,126.622599319816,923520.009031845,2058796.22466367
Cell_576,38.5277761830234,126.79467011673,938520.009031845,2058796.22466367
Cell_577,38.5286863025857,126.966749760364,953520.009031845,2058796.22466367
Cell_578,38.5293435432419,127.138836092914,968520.009031845,2058796.22466367
Cell_579,38.5297478800199,127.310926956044,983520.009031845,2058796.22466367
Cell_580,38.5298992975558,127.483020191064,998520.009031845,2058796.22466367
Cell_581,38.5297977900959,127.655113639096,1013520.00903184,2058796.22466367
Cell_582,38.5294433614975,127.827205141245,1028520.00903184,2058796.22466367
Cell_583,38.5288360252279,127.999292538769,1043520.00903184,2058796.22466367
Cell_584,38.5279758043637,128.17137367325,1058520.00903184,2058796.22466367
Cell_585,38.5268627315878,128.343446386765,1073520.00903184,2058796.22466367
Cell_586,38.6298931206895,125.50126348657,826020.009031845,2071786.60572043
Cell_587,38.6327097671401,125.67350307139,841020.009031845,2071786.60572043
Cell_588,38.635272975851,125.845765648126,856020.009031845,2071786.60572043
Cell_589,38.6375826493178,126.018049053005,871020.009031845,2071786.60572043
Cell_590,38.6396386996606,126.19035112061,886020.009031845,2071786.60572043
Cell_591,38.6414410486338,126.362669684046,901020.009031845,2071786.60572043
Cell_592,38.6429896276341,126.535002575111,916020.009031845,2071786.60572043
Cell_593,38.6442843777085,126.707347624473,931020.009031845,2071786.60572043
Cell_594,38.6453252495605,126.879702661833,946020.009031845,2071786.60572043
Cell_595,38.6461122035554,127.052065516103,961020.009031845,2071786.60572043
Cell_596,38.6466452097247,127.224434015578,976020.009031845,2071786.60572043
Cell_597,38.6469242477696,127.396805988102,991020.009031845,2071786.60572043
Cell_598,38.6469493070628,127.569179261246,1006020.00903184,2071786.60572043
Cell_599,38.6467203866498,127.741551662478,1021020.00903184,2071786.60572043
Cell_600,38.6462374952492,127.913921019334,1036020.00903184,2071786.60572043
Cell_601,38.6455006512516,128.086285159592,1051020.00903184,2071786.60572043
Cell_602,38.6445098827176,128.258641911443,1066020.00903184,2071786.60572043
