Source,Target,IntervalNumber,StartTime,EndTime,Duration,StartOrbit,EndOrbit
Ground_Point_1,SAT_1,1,01-Jan-2030 21:06:10,01-Jan-2030 21:07:15,65,NaN,NaN
Ground_Point_2,SAT_1,1,01-Jan-2030 06:43:40,01-Jan-2030 06:44:55,75,NaN,NaN
Ground_Point_2,SAT_1,2,01-Jan-2030 08:17:30,01-Jan-2030 08:18:10,40,NaN,NaN
Ground_Point_2,SAT_1,3,01-Jan-2030 12:57:20,01-Jan-2030 12:58:35,75,NaN,NaN
Ground_Point_2,SAT_1,4,01-Jan-2030 14:31:35,01-Jan-2030 14:31:50,15,NaN,NaN
Ground_Point_3,SAT_1,1,01-Jan-2030 06:43:40,01-Jan-2030 06:44:55,75,NaN,NaN
Ground_Point_3,SAT_1,2,01-Jan-2030 08:17:30,01-Jan-2030 08:18:10,40,NaN,NaN
Ground_Point_3,SAT_1,3,01-Jan-2030 12:57:20,01-Jan-2030 12:58:35,75,NaN,NaN
Ground_Point_3,SAT_1,4,01-Jan-2030 14:31:35,01-Jan-2030 14:31:50,15,NaN,NaN
Ground_Point_4,SAT_1,1,01-Jan-2030 06:43:40,01-Jan-2030 06:44:55,75,NaN,NaN
Ground_Point_4,SAT_1,2,01-Jan-2030 08:17:30,01-Jan-2030 08:18:10,40,NaN,NaN
Ground_Point_4,SAT_1,3,01-Jan-2030 12:57:20,01-Jan-2030 12:58:35,75,NaN,NaN
Ground_Point_4,SAT_1,4,01-Jan-2030 14:31:35,01-Jan-2030 14:31:50,15,NaN,NaN
Ground_Point_5,SAT_1,1,01-Jan-2030 06:43:40,01-Jan-2030 06:44:55,75,NaN,NaN
Ground_Point_5,SAT_1,2,01-Jan-2030 08:17:30,01-Jan-2030 08:18:10,40,NaN,NaN
Ground_Point_5,SAT_1,3,01-Jan-2030 12:57:20,01-Jan-2030 12:58:35,75,NaN,NaN
Ground_Point_5,SAT_1,4,01-Jan-2030 14:31:35,01-Jan-2030 14:31:50,15,NaN,NaN
Ground_Point_6,SAT_1,1,01-Jan-2030 18:34:35,01-Jan-2030 18:35:50,75,NaN,NaN
Ground_Point_7,SAT_1,1,01-Jan-2030 05:11:50,01-Jan-2030 05:12:55,65,NaN,NaN
Ground_Point_7,SAT_1,2,01-Jan-2030 14:28:55,01-Jan-2030 14:30:15,80,NaN,NaN
Ground_Point_8,SAT_1,1,01-Jan-2030 00:18:35,01-Jan-2030 00:18:40,5,NaN,NaN
Ground_Point_9,SAT_1,1,01-Jan-2030 01:51:15,01-Jan-2030 01:52:30,75,NaN,NaN
Ground_Point_9,SAT_1,2,01-Jan-2030 16:14:45,01-Jan-2030 16:16:00,75,NaN,NaN
Ground_Point_10,SAT_1,1,01-Jan-2030 09:05:15,01-Jan-2030 09:06:30,75,NaN,NaN
Ground_Point_10,SAT_1,2,01-Jan-2030 15:18:45,01-Jan-2030 15:20:00,75,NaN,NaN
Ground_Point_2,SAT_2,1,01-Jan-2030 06:20:20,01-Jan-2030 06:21:15,55,NaN,NaN
Ground_Point_2,SAT_2,2,01-Jan-2030 07:53:55,01-Jan-2030 07:55:00,65,NaN,NaN
Ground_Point_2,SAT_2,3,01-Jan-2030 12:34:05,01-Jan-2030 12:35:00,55,NaN,NaN
Ground_Point_2,SAT_2,4,01-Jan-2030 14:07:40,01-Jan-2030 14:08:45,65,NaN,NaN
Ground_Point_3,SAT_2,1,01-Jan-2030 06:20:20,01-Jan-2030 06:21:15,55,NaN,NaN
Ground_Point_3,SAT_2,2,01-Jan-2030 07:53:55,01-Jan-2030 07:55:00,65,NaN,NaN
Ground_Point_3,SAT_2,3,01-Jan-2030 12:34:05,01-Jan-2030 12:35:00,55,NaN,NaN
Ground_Point_3,SAT_2,4,01-Jan-2030 14:07:40,01-Jan-2030 14:08:45,65,NaN,NaN
Ground_Point_4,SAT_2,1,01-Jan-2030 06:20:20,01-Jan-2030 06:21:15,55,NaN,NaN
Ground_Point_4,SAT_2,2,01-Jan-2030 07:53:55,01-Jan-2030 07:55:00,65,NaN,NaN
Ground_Point_4,SAT_2,3,01-Jan-2030 12:34:05,01-Jan-2030 12:35:00,55,NaN,NaN
Ground_Point_4,SAT_2,4,01-Jan-2030 14:07:40,01-Jan-2030 14:08:45,65,NaN,NaN
Ground_Point_5,SAT_2,1,01-Jan-2030 06:20:20,01-Jan-2030 06:21:15,55,NaN,NaN
Ground_Point_5,SAT_2,2,01-Jan-2030 07:53:55,01-Jan-2030 07:55:00,65,NaN,NaN
Ground_Point_5,SAT_2,3,01-Jan-2030 12:34:05,01-Jan-2030 12:35:00,55,NaN,NaN
Ground_Point_5,SAT_2,4,01-Jan-2030 14:07:40,01-Jan-2030 14:08:45,65,NaN,NaN
Ground_Point_6,SAT_2,1,01-Jan-2030 03:51:20,01-Jan-2030 03:52:15,55,NaN,NaN
Ground_Point_7,SAT_2,1,01-Jan-2030 14:05:50,01-Jan-2030 14:06:30,40,NaN,NaN
Ground_Point_8,SAT_2,1,01-Jan-2030 15:50:00,01-Jan-2030 15:51:05,65,NaN,NaN
Ground_Point_10,SAT_2,1,01-Jan-2030 08:41:45,01-Jan-2030 08:43:05,80,NaN,NaN
Ground_Point_10,SAT_2,2,01-Jan-2030 10:15:55,01-Jan-2030 10:16:00,5,NaN,NaN
Ground_Point_10,SAT_2,3,01-Jan-2030 14:55:25,01-Jan-2030 14:56:35,70,NaN,NaN
Ground_Point_10,SAT_2,4,01-Jan-2030 16:29:35,01-Jan-2030 16:29:50,15,NaN,NaN
Ground_Point_11,SAT_2,1,01-Jan-2030 22:59:50,01-Jan-2030 23:00:30,40,NaN,NaN
Ground_Point_2,SAT_3,1,01-Jan-2030 07:30:25,01-Jan-2030 07:31:40,75,NaN,NaN
Ground_Point_2,SAT_3,2,01-Jan-2030 12:10:55,01-Jan-2030 12:11:25,30,NaN,NaN
Ground_Point_2,SAT_3,3,01-Jan-2030 13:44:05,01-Jan-2030 13:45:25,80,NaN,NaN
Ground_Point_3,SAT_3,1,01-Jan-2030 07:30:25,01-Jan-2030 07:31:40,75,NaN,NaN
Ground_Point_3,SAT_3,2,01-Jan-2030 12:10:55,01-Jan-2030 12:11:25,30,NaN,NaN
Ground_Point_3,SAT_3,3,01-Jan-2030 13:44:05,01-Jan-2030 13:45:25,80,NaN,NaN
Ground_Point_4,SAT_3,1,01-Jan-2030 07:30:25,01-Jan-2030 07:31:40,75,NaN,NaN
Ground_Point_4,SAT_3,2,01-Jan-2030 12:10:55,01-Jan-2030 12:11:25,30,NaN,NaN
Ground_Point_4,SAT_3,3,01-Jan-2030 13:44:05,01-Jan-2030 13:45:25,80,NaN,NaN
Ground_Point_5,SAT_3,1,01-Jan-2030 07:30:25,01-Jan-2030 07:31:40,75,NaN,NaN
Ground_Point_5,SAT_3,2,01-Jan-2030 12:10:55,01-Jan-2030 12:11:25,30,NaN,NaN
Ground_Point_5,SAT_3,3,01-Jan-2030 13:44:05,01-Jan-2030 13:45:25,80,NaN,NaN
Ground_Point_6,SAT_3,1,01-Jan-2030 03:27:40,01-Jan-2030 03:29:00,80,NaN,NaN
Ground_Point_6,SAT_3,2,01-Jan-2030 19:21:35,01-Jan-2030 19:22:25,50,NaN,NaN
Ground_Point_7,SAT_3,1,01-Jan-2030 05:58:45,01-Jan-2030 05:59:30,45,NaN,NaN
Ground_Point_8,SAT_3,1,01-Jan-2030 01:04:45,01-Jan-2030 01:05:55,70,NaN,NaN
Ground_Point_8,SAT_3,2,01-Jan-2030 15:26:30,01-Jan-2030 15:27:50,80,NaN,NaN
Ground_Point_10,SAT_3,1,01-Jan-2030 08:18:25,01-Jan-2030 08:19:30,65,NaN,NaN
Ground_Point_10,SAT_3,2,01-Jan-2030 09:52:10,01-Jan-2030 09:53:05,55,NaN,NaN
Ground_Point_10,SAT_3,3,01-Jan-2030 14:32:10,01-Jan-2030 14:33:00,50,NaN,NaN
Ground_Point_10,SAT_3,4,01-Jan-2030 16:05:40,01-Jan-2030 16:06:45,65,NaN,NaN
Ground_Point_11,SAT_3,1,01-Jan-2030 22:36:15,01-Jan-2030 22:37:25,70,NaN,NaN
Ground_Point_12,SAT_3,1,01-Jan-2030 06:52:30,01-Jan-2030 06:53:10,40,NaN,NaN
Ground_Point_12,SAT_3,2,01-Jan-2030 17:31:35,01-Jan-2030 17:32:50,75,NaN,NaN
Ground_Point_1,SAT_4,1,01-Jan-2030 08:25:15,01-Jan-2030 08:26:30,75,NaN,NaN
Ground_Point_2,SAT_4,1,01-Jan-2030 07:07:00,01-Jan-2030 07:08:20,80,NaN,NaN
Ground_Point_2,SAT_4,2,01-Jan-2030 13:20:40,01-Jan-2030 13:21:55,75,NaN,NaN
Ground_Point_3,SAT_4,1,01-Jan-2030 07:07:00,01-Jan-2030 07:08:20,80,NaN,NaN
Ground_Point_3,SAT_4,2,01-Jan-2030 13:20:40,01-Jan-2030 13:21:55,75,NaN,NaN
Ground_Point_4,SAT_4,1,01-Jan-2030 07:07:00,01-Jan-2030 07:08:20,80,NaN,NaN
Ground_Point_4,SAT_4,2,01-Jan-2030 13:20:40,01-Jan-2030 13:21:55,75,NaN,NaN
Ground_Point_5,SAT_4,1,01-Jan-2030 07:07:00,01-Jan-2030 07:08:20,80,NaN,NaN
Ground_Point_5,SAT_4,2,01-Jan-2030 13:20:40,01-Jan-2030 13:21:55,75,NaN,NaN
Ground_Point_6,SAT_4,1,01-Jan-2030 03:04:25,01-Jan-2030 03:05:30,65,NaN,NaN
Ground_Point_6,SAT_4,2,01-Jan-2030 18:57:55,01-Jan-2030 18:59:15,80,NaN,NaN
Ground_Point_7,SAT_4,1,01-Jan-2030 05:35:05,01-Jan-2030 05:36:25,80,NaN,NaN
Ground_Point_7,SAT_4,2,01-Jan-2030 14:52:25,01-Jan-2030 14:53:30,65,NaN,NaN
Ground_Point_8,SAT_4,1,01-Jan-2030 00:41:20,01-Jan-2030 00:42:35,75,NaN,NaN
Ground_Point_9,SAT_4,1,01-Jan-2030 02:14:45,01-Jan-2030 02:15:45,60,NaN,NaN
Ground_Point_9,SAT_4,2,01-Jan-2030 16:38:15,01-Jan-2030 16:39:10,55,NaN,NaN
Ground_Point_10,SAT_4,1,01-Jan-2030 07:55:20,01-Jan-2030 07:55:40,20,NaN,NaN
Ground_Point_10,SAT_4,2,01-Jan-2030 09:28:40,01-Jan-2030 09:29:50,70,NaN,NaN
Ground_Point_10,SAT_4,3,01-Jan-2030 14:09:10,01-Jan-2030 14:09:15,5,NaN,NaN
Ground_Point_10,SAT_4,4,01-Jan-2030 15:42:05,01-Jan-2030 15:43:25,80,NaN,NaN
Ground_Point_11,SAT_4,1,01-Jan-2030 09:16:55,01-Jan-2030 09:18:15,80,NaN,NaN
Ground_Point_12,SAT_4,1,01-Jan-2030 06:29:00,01-Jan-2030 06:30:00,60,NaN,NaN
Ground_Point_2,SAT_5,1,01-Jan-2030 08:18:30,01-Jan-2030 08:19:30,60,NaN,NaN
Ground_Point_2,SAT_5,2,01-Jan-2030 09:52:10,01-Jan-2030 09:53:10,60,NaN,NaN
Ground_Point_2,SAT_5,3,01-Jan-2030 14:32:20,01-Jan-2030 14:33:15,55,NaN,NaN
Ground_Point_2,SAT_5,4,01-Jan-2030 16:05:50,01-Jan-2030 16:07:00,70,NaN,NaN
Ground_Point_3,SAT_5,1,01-Jan-2030 08:18:30,01-Jan-2030 08:19:30,60,NaN,NaN
Ground_Point_3,SAT_5,2,01-Jan-2030 09:52:10,01-Jan-2030 09:53:10,60,NaN,NaN
Ground_Point_3,SAT_5,3,01-Jan-2030 14:32:20,01-Jan-2030 14:33:15,55,NaN,NaN
Ground_Point_3,SAT_5,4,01-Jan-2030 16:05:50,01-Jan-2030 16:07:00,70,NaN,NaN
Ground_Point_4,SAT_5,1,01-Jan-2030 08:18:30,01-Jan-2030 08:19:30,60,NaN,NaN
Ground_Point_4,SAT_5,2,01-Jan-2030 09:52:10,01-Jan-2030 09:53:10,60,NaN,NaN
Ground_Point_4,SAT_5,3,01-Jan-2030 14:32:20,01-Jan-2030 14:33:15,55,NaN,NaN
Ground_Point_4,SAT_5,4,01-Jan-2030 16:05:50,01-Jan-2030 16:07:00,70,NaN,NaN
Ground_Point_5,SAT_5,1,01-Jan-2030 08:18:30,01-Jan-2030 08:19:30,60,NaN,NaN
Ground_Point_5,SAT_5,2,01-Jan-2030 09:52:10,01-Jan-2030 09:53:10,60,NaN,NaN
Ground_Point_5,SAT_5,3,01-Jan-2030 14:32:20,01-Jan-2030 14:33:15,55,NaN,NaN
Ground_Point_5,SAT_5,4,01-Jan-2030 16:05:50,01-Jan-2030 16:07:00,70,NaN,NaN
Ground_Point_6,SAT_5,1,01-Jan-2030 05:49:30,01-Jan-2030 05:50:30,60,NaN,NaN
Ground_Point_7,SAT_5,1,01-Jan-2030 16:04:05,01-Jan-2030 16:04:40,35,NaN,NaN
Ground_Point_8,SAT_5,1,01-Jan-2030 17:48:10,01-Jan-2030 17:49:20,70,NaN,NaN
Ground_Point_10,SAT_5,1,01-Jan-2030 10:40:00,01-Jan-2030 10:41:20,80,NaN,NaN
Ground_Point_10,SAT_5,2,01-Jan-2030 16:53:40,01-Jan-2030 16:54:45,65,NaN,NaN
Ground_Point_10,SAT_5,3,01-Jan-2030 18:27:40,01-Jan-2030 18:28:10,30,NaN,NaN
Ground_Point_2,SAT_6,1,01-Jan-2030 09:28:45,01-Jan-2030 09:30:00,75,NaN,NaN
Ground_Point_2,SAT_6,2,01-Jan-2030 14:09:15,01-Jan-2030 14:09:40,25,NaN,NaN
Ground_Point_2,SAT_6,3,01-Jan-2030 15:42:25,01-Jan-2030 15:43:40,75,NaN,NaN
Ground_Point_3,SAT_6,1,01-Jan-2030 09:28:45,01-Jan-2030 09:30:00,75,NaN,NaN
Ground_Point_3,SAT_6,2,01-Jan-2030 14:09:15,01-Jan-2030 14:09:40,25,NaN,NaN
Ground_Point_3,SAT_6,3,01-Jan-2030 15:42:25,01-Jan-2030 15:43:40,75,NaN,NaN
Ground_Point_4,SAT_6,1,01-Jan-2030 09:28:45,01-Jan-2030 09:30:00,75,NaN,NaN
Ground_Point_4,SAT_6,2,01-Jan-2030 14:09:15,01-Jan-2030 14:09:40,25,NaN,NaN
Ground_Point_4,SAT_6,3,01-Jan-2030 15:42:25,01-Jan-2030 15:43:40,75,NaN,NaN
Ground_Point_5,SAT_6,1,01-Jan-2030 09:28:45,01-Jan-2030 09:30:00,75,NaN,NaN
Ground_Point_5,SAT_6,2,01-Jan-2030 14:09:15,01-Jan-2030 14:09:40,25,NaN,NaN
Ground_Point_5,SAT_6,3,01-Jan-2030 15:42:25,01-Jan-2030 15:43:40,75,NaN,NaN
Ground_Point_6,SAT_6,1,01-Jan-2030 05:26:00,01-Jan-2030 05:27:20,80,NaN,NaN
Ground_Point_6,SAT_6,2,01-Jan-2030 21:19:50,01-Jan-2030 21:20:45,55,NaN,NaN
Ground_Point_7,SAT_6,1,01-Jan-2030 07:57:05,01-Jan-2030 07:57:50,45,NaN,NaN
Ground_Point_8,SAT_6,1,01-Jan-2030 03:03:05,01-Jan-2030 03:04:15,70,NaN,NaN
Ground_Point_8,SAT_6,2,01-Jan-2030 17:24:50,01-Jan-2030 17:26:05,75,NaN,NaN
Ground_Point_10,SAT_6,1,01-Jan-2030 10:16:45,01-Jan-2030 10:17:50,65,NaN,NaN
Ground_Point_10,SAT_6,2,01-Jan-2030 11:50:30,01-Jan-2030 11:51:20,50,NaN,NaN
Ground_Point_10,SAT_6,3,01-Jan-2030 16:30:30,01-Jan-2030 16:31:15,45,NaN,NaN
Ground_Point_10,SAT_6,4,01-Jan-2030 18:04:00,01-Jan-2030 18:05:05,65,NaN,NaN
Ground_Point_11,SAT_6,1,01-Jan-2030 00:56:15,01-Jan-2030 00:57:15,60,NaN,NaN
Ground_Point_12,SAT_6,1,01-Jan-2030 08:50:45,01-Jan-2030 08:51:35,50,NaN,NaN
Ground_Point_12,SAT_6,2,01-Jan-2030 19:29:50,01-Jan-2030 19:31:10,80,NaN,NaN
Ground_Point_1,SAT_7,1,01-Jan-2030 10:23:40,01-Jan-2030 10:24:55,75,NaN,NaN
Ground_Point_2,SAT_7,1,01-Jan-2030 09:05:25,01-Jan-2030 09:06:40,75,NaN,NaN
Ground_Point_2,SAT_7,2,01-Jan-2030 15:19:00,01-Jan-2030 15:20:20,80,NaN,NaN
Ground_Point_3,SAT_7,1,01-Jan-2030 09:05:25,01-Jan-2030 09:06:40,75,NaN,NaN
Ground_Point_3,SAT_7,2,01-Jan-2030 15:19:00,01-Jan-2030 15:20:20,80,NaN,NaN
Ground_Point_4,SAT_7,1,01-Jan-2030 09:05:25,01-Jan-2030 09:06:40,75,NaN,NaN
Ground_Point_4,SAT_7,2,01-Jan-2030 15:19:00,01-Jan-2030 15:20:20,80,NaN,NaN
Ground_Point_5,SAT_7,1,01-Jan-2030 09:05:25,01-Jan-2030 09:06:40,75,NaN,NaN
Ground_Point_5,SAT_7,2,01-Jan-2030 15:19:00,01-Jan-2030 15:20:20,80,NaN,NaN
Ground_Point_6,SAT_7,1,01-Jan-2030 05:02:50,01-Jan-2030 05:03:50,60,NaN,NaN
Ground_Point_6,SAT_7,2,01-Jan-2030 20:56:20,01-Jan-2030 20:57:40,80,NaN,NaN
Ground_Point_7,SAT_7,1,01-Jan-2030 07:33:30,01-Jan-2030 07:34:50,80,NaN,NaN
Ground_Point_7,SAT_7,2,01-Jan-2030 16:50:45,01-Jan-2030 16:51:55,70,NaN,NaN
Ground_Point_8,SAT_7,1,01-Jan-2030 02:39:45,01-Jan-2030 02:40:55,70,NaN,NaN
Ground_Point_9,SAT_7,1,01-Jan-2030 04:13:05,01-Jan-2030 04:14:15,70,NaN,NaN
Ground_Point_9,SAT_7,2,01-Jan-2030 18:36:40,01-Jan-2030 18:37:35,55,NaN,NaN
Ground_Point_10,SAT_7,1,01-Jan-2030 09:53:45,01-Jan-2030 09:54:05,20,NaN,NaN
Ground_Point_10,SAT_7,2,01-Jan-2030 11:27:05,01-Jan-2030 11:28:10,65,NaN,NaN
Ground_Point_10,SAT_7,3,01-Jan-2030 17:40:30,01-Jan-2030 17:41:50,80,NaN,NaN
Ground_Point_11,SAT_7,1,01-Jan-2030 00:32:55,01-Jan-2030 00:33:55,60,NaN,NaN
Ground_Point_11,SAT_7,2,01-Jan-2030 11:15:20,01-Jan-2030 11:16:35,75,NaN,NaN
Ground_Point_12,SAT_7,1,01-Jan-2030 08:27:25,01-Jan-2030 08:28:20,55,NaN,NaN
Ground_Point_1,SAT_8,1,01-Jan-2030 23:04:40,01-Jan-2030 23:05:40,60,NaN,NaN
Ground_Point_2,SAT_8,1,01-Jan-2030 08:42:05,01-Jan-2030 08:43:20,75,NaN,NaN
Ground_Point_2,SAT_8,2,01-Jan-2030 10:16:00,01-Jan-2030 10:16:35,35,NaN,NaN
Ground_Point_2,SAT_8,3,01-Jan-2030 14:55:50,01-Jan-2030 14:57:00,70,NaN,NaN
Ground_Point_2,SAT_8,4,01-Jan-2030 16:29:50,01-Jan-2030 16:30:20,30,NaN,NaN
Ground_Point_3,SAT_8,1,01-Jan-2030 08:42:05,01-Jan-2030 08:43:20,75,NaN,NaN
Ground_Point_3,SAT_8,2,01-Jan-2030 10:16:00,01-Jan-2030 10:16:35,35,NaN,NaN
Ground_Point_3,SAT_8,3,01-Jan-2030 14:55:50,01-Jan-2030 14:57:00,70,NaN,NaN
Ground_Point_3,SAT_8,4,01-Jan-2030 16:29:50,01-Jan-2030 16:30:20,30,NaN,NaN
Ground_Point_4,SAT_8,1,01-Jan-2030 08:42:05,01-Jan-2030 08:43:20,75,NaN,NaN
Ground_Point_4,SAT_8,2,01-Jan-2030 10:16:00,01-Jan-2030 10:16:35,35,NaN,NaN
Ground_Point_4,SAT_8,3,01-Jan-2030 14:55:50,01-Jan-2030 14:57:00,70,NaN,NaN
Ground_Point_4,SAT_8,4,01-Jan-2030 16:29:50,01-Jan-2030 16:30:20,30,NaN,NaN
Ground_Point_5,SAT_8,1,01-Jan-2030 08:42:05,01-Jan-2030 08:43:20,75,NaN,NaN
Ground_Point_5,SAT_8,2,01-Jan-2030 10:16:00,01-Jan-2030 10:16:35,35,NaN,NaN
Ground_Point_5,SAT_8,3,01-Jan-2030 14:55:50,01-Jan-2030 14:57:00,70,NaN,NaN
Ground_Point_5,SAT_8,4,01-Jan-2030 16:29:50,01-Jan-2030 16:30:20,30,NaN,NaN
Ground_Point_6,SAT_8,1,01-Jan-2030 20:33:05,01-Jan-2030 20:34:15,70,NaN,NaN
Ground_Point_7,SAT_8,1,01-Jan-2030 07:10:15,01-Jan-2030 07:11:20,65,NaN,NaN
Ground_Point_7,SAT_8,2,01-Jan-2030 16:27:20,01-Jan-2030 16:28:40,80,NaN,NaN
Ground_Point_9,SAT_8,1,01-Jan-2030 03:49:45,01-Jan-2030 03:50:55,70,NaN,NaN
Ground_Point_9,SAT_8,2,01-Jan-2030 18:13:10,01-Jan-2030 18:14:30,80,NaN,NaN
Ground_Point_10,SAT_8,1,01-Jan-2030 11:03:40,01-Jan-2030 11:05:00,80,NaN,NaN
Ground_Point_10,SAT_8,2,01-Jan-2030 17:17:10,01-Jan-2030 17:18:30,80,NaN,NaN
Ground_Point_2,SAT_9,1,01-Jan-2030 11:26:55,01-Jan-2030 11:28:10,75,NaN,NaN
Ground_Point_2,SAT_9,2,01-Jan-2030 16:07:30,01-Jan-2030 16:07:45,15,NaN,NaN
Ground_Point_2,SAT_9,3,01-Jan-2030 17:40:30,01-Jan-2030 17:41:50,80,NaN,NaN
Ground_Point_3,SAT_9,1,01-Jan-2030 11:26:55,01-Jan-2030 11:28:10,75,NaN,NaN
Ground_Point_3,SAT_9,2,01-Jan-2030 16:07:30,01-Jan-2030 16:07:45,15,NaN,NaN
Ground_Point_3,SAT_9,3,01-Jan-2030 17:40:30,01-Jan-2030 17:41:50,80,NaN,NaN
Ground_Point_4,SAT_9,1,01-Jan-2030 11:26:55,01-Jan-2030 11:28:10,75,NaN,NaN
Ground_Point_4,SAT_9,2,01-Jan-2030 16:07:30,01-Jan-2030 16:07:45,15,NaN,NaN
Ground_Point_4,SAT_9,3,01-Jan-2030 17:40:30,01-Jan-2030 17:41:50,80,NaN,NaN
Ground_Point_5,SAT_9,1,01-Jan-2030 11:26:55,01-Jan-2030 11:28:10,75,NaN,NaN
Ground_Point_5,SAT_9,2,01-Jan-2030 16:07:30,01-Jan-2030 16:07:45,15,NaN,NaN
Ground_Point_5,SAT_9,3,01-Jan-2030 17:40:30,01-Jan-2030 17:41:50,80,NaN,NaN
Ground_Point_6,SAT_9,1,01-Jan-2030 07:24:10,01-Jan-2030 07:25:25,75,NaN,NaN
Ground_Point_6,SAT_9,2,01-Jan-2030 23:18:00,01-Jan-2030 23:18:55,55,NaN,NaN
Ground_Point_7,SAT_9,1,01-Jan-2030 09:55:10,01-Jan-2030 09:56:00,50,NaN,NaN
Ground_Point_8,SAT_9,1,01-Jan-2030 05:01:10,01-Jan-2030 05:02:25,75,NaN,NaN
Ground_Point_8,SAT_9,2,01-Jan-2030 19:23:00,01-Jan-2030 19:24:15,75,NaN,NaN
Ground_Point_10,SAT_9,1,01-Jan-2030 12:14:55,01-Jan-2030 12:16:00,65,NaN,NaN
Ground_Point_10,SAT_9,2,01-Jan-2030 13:48:40,01-Jan-2030 13:49:30,50,NaN,NaN
Ground_Point_10,SAT_9,3,01-Jan-2030 18:28:45,01-Jan-2030 18:29:25,40,NaN,NaN
Ground_Point_10,SAT_9,4,01-Jan-2030 20:02:05,01-Jan-2030 20:03:15,70,NaN,NaN
Ground_Point_11,SAT_9,1,01-Jan-2030 02:54:20,01-Jan-2030 02:55:25,65,NaN,NaN
Ground_Point_11,SAT_9,2,01-Jan-2030 13:37:15,01-Jan-2030 13:37:40,25,NaN,NaN
Ground_Point_12,SAT_9,1,01-Jan-2030 10:48:50,01-Jan-2030 10:49:50,60,NaN,NaN
Ground_Point_12,SAT_9,2,01-Jan-2030 21:28:00,01-Jan-2030 21:29:15,75,NaN,NaN
Ground_Point_1,SAT_10,1,01-Jan-2030 12:21:50,01-Jan-2030 12:23:00,70,NaN,NaN
Ground_Point_2,SAT_10,1,01-Jan-2030 11:03:30,01-Jan-2030 11:04:50,80,NaN,NaN
Ground_Point_2,SAT_10,2,01-Jan-2030 17:17:10,01-Jan-2030 17:18:30,80,NaN,NaN
Ground_Point_3,SAT_10,1,01-Jan-2030 11:03:30,01-Jan-2030 11:04:50,80,NaN,NaN
Ground_Point_3,SAT_10,2,01-Jan-2030 17:17:10,01-Jan-2030 17:18:30,80,NaN,NaN
Ground_Point_4,SAT_10,1,01-Jan-2030 11:03:30,01-Jan-2030 11:04:50,80,NaN,NaN
Ground_Point_4,SAT_10,2,01-Jan-2030 17:17:10,01-Jan-2030 17:18:30,80,NaN,NaN
Ground_Point_5,SAT_10,1,01-Jan-2030 11:03:30,01-Jan-2030 11:04:50,80,NaN,NaN
Ground_Point_5,SAT_10,2,01-Jan-2030 17:17:10,01-Jan-2030 17:18:30,80,NaN,NaN
Ground_Point_6,SAT_10,1,01-Jan-2030 07:01:00,01-Jan-2030 07:01:55,55,NaN,NaN
Ground_Point_6,SAT_10,2,01-Jan-2030 22:54:30,01-Jan-2030 22:55:45,75,NaN,NaN
Ground_Point_7,SAT_10,1,01-Jan-2030 09:31:35,01-Jan-2030 09:32:55,80,NaN,NaN
Ground_Point_7,SAT_10,2,01-Jan-2030 18:48:50,01-Jan-2030 18:50:05,75,NaN,NaN
Ground_Point_8,SAT_10,1,01-Jan-2030 04:37:55,01-Jan-2030 04:39:05,70,NaN,NaN
Ground_Point_9,SAT_10,1,01-Jan-2030 06:11:10,01-Jan-2030 06:12:25,75,NaN,NaN
Ground_Point_9,SAT_10,2,01-Jan-2030 20:34:50,01-Jan-2030 20:35:45,55,NaN,NaN
Ground_Point_10,SAT_10,1,01-Jan-2030 11:51:50,01-Jan-2030 11:52:10,20,NaN,NaN
Ground_Point_10,SAT_10,2,01-Jan-2030 13:25:10,01-Jan-2030 13:26:20,70,NaN,NaN
Ground_Point_10,SAT_10,3,01-Jan-2030 19:38:40,01-Jan-2030 19:39:55,75,NaN,NaN
Ground_Point_11,SAT_10,1,01-Jan-2030 02:31:05,01-Jan-2030 02:32:00,55,NaN,NaN
Ground_Point_11,SAT_10,2,01-Jan-2030 13:13:30,01-Jan-2030 13:14:45,75,NaN,NaN
Ground_Point_12,SAT_10,1,01-Jan-2030 10:25:40,01-Jan-2030 10:26:25,45,NaN,NaN
Ground_Point_1,SAT_11,1,01-Jan-2030 01:24:40,01-Jan-2030 01:25:10,30,NaN,NaN
Ground_Point_2,SAT_11,1,01-Jan-2030 10:40:10,01-Jan-2030 10:41:25,75,NaN,NaN
Ground_Point_2,SAT_11,2,01-Jan-2030 12:14:05,01-Jan-2030 12:14:45,40,NaN,NaN
Ground_Point_2,SAT_11,3,01-Jan-2030 16:53:55,01-Jan-2030 16:55:05,70,NaN,NaN
Ground_Point_2,SAT_11,4,01-Jan-2030 18:27:55,01-Jan-2030 18:28:35,40,NaN,NaN
Ground_Point_3,SAT_11,1,01-Jan-2030 10:40:10,01-Jan-2030 10:41:25,75,NaN,NaN
Ground_Point_3,SAT_11,2,01-Jan-2030 12:14:05,01-Jan-2030 12:14:45,40,NaN,NaN
Ground_Point_3,SAT_11,3,01-Jan-2030 16:53:55,01-Jan-2030 16:55:05,70,NaN,NaN
Ground_Point_3,SAT_11,4,01-Jan-2030 18:27:55,01-Jan-2030 18:28:35,40,NaN,NaN
Ground_Point_4,SAT_11,1,01-Jan-2030 10:40:10,01-Jan-2030 10:41:25,75,NaN,NaN
Ground_Point_4,SAT_11,2,01-Jan-2030 12:14:05,01-Jan-2030 12:14:45,40,NaN,NaN
Ground_Point_4,SAT_11,3,01-Jan-2030 16:53:55,01-Jan-2030 16:55:05,70,NaN,NaN
Ground_Point_4,SAT_11,4,01-Jan-2030 18:27:55,01-Jan-2030 18:28:35,40,NaN,NaN
Ground_Point_5,SAT_11,1,01-Jan-2030 10:40:10,01-Jan-2030 10:41:25,75,NaN,NaN
Ground_Point_5,SAT_11,2,01-Jan-2030 12:14:05,01-Jan-2030 12:14:45,40,NaN,NaN
Ground_Point_5,SAT_11,3,01-Jan-2030 16:53:55,01-Jan-2030 16:55:05,70,NaN,NaN
Ground_Point_5,SAT_11,4,01-Jan-2030 18:27:55,01-Jan-2030 18:28:35,40,NaN,NaN
Ground_Point_6,SAT_11,1,01-Jan-2030 22:31:10,01-Jan-2030 22:32:20,70,NaN,NaN
Ground_Point_7,SAT_11,1,01-Jan-2030 09:08:25,01-Jan-2030 09:09:25,60,NaN,NaN
Ground_Point_7,SAT_11,2,01-Jan-2030 18:25:30,01-Jan-2030 18:26:45,75,NaN,NaN
Ground_Point_9,SAT_11,1,01-Jan-2030 05:47:55,01-Jan-2030 05:49:00,65,NaN,NaN
Ground_Point_9,SAT_11,2,01-Jan-2030 20:11:15,01-Jan-2030 20:12:35,80,NaN,NaN
Ground_Point_10,SAT_11,1,01-Jan-2030 13:01:45,01-Jan-2030 13:03:05,80,NaN,NaN
Ground_Point_10,SAT_11,2,01-Jan-2030 19:15:20,01-Jan-2030 19:16:35,75,NaN,NaN
Ground_Point_1,SAT_12,1,01-Jan-2030 01:01:20,01-Jan-2030 01:02:00,40,NaN,NaN
Ground_Point_2,SAT_12,1,01-Jan-2030 10:17:00,01-Jan-2030 10:17:55,55,NaN,NaN
Ground_Point_2,SAT_12,2,01-Jan-2030 11:50:35,01-Jan-2030 11:51:40,65,NaN,NaN
Ground_Point_2,SAT_12,3,01-Jan-2030 16:30:50,01-Jan-2030 16:31:40,50,NaN,NaN
Ground_Point_2,SAT_12,4,01-Jan-2030 18:04:15,01-Jan-2030 18:05:25,70,NaN,NaN
Ground_Point_3,SAT_12,1,01-Jan-2030 10:17:00,01-Jan-2030 10:17:55,55,NaN,NaN
Ground_Point_3,SAT_12,2,01-Jan-2030 11:50:35,01-Jan-2030 11:51:40,65,NaN,NaN
Ground_Point_3,SAT_12,3,01-Jan-2030 16:30:50,01-Jan-2030 16:31:40,50,NaN,NaN
Ground_Point_3,SAT_12,4,01-Jan-2030 18:04:15,01-Jan-2030 18:05:25,70,NaN,NaN
Ground_Point_4,SAT_12,1,01-Jan-2030 10:17:00,01-Jan-2030 10:17:55,55,NaN,NaN
Ground_Point_4,SAT_12,2,01-Jan-2030 11:50:35,01-Jan-2030 11:51:40,65,NaN,NaN
Ground_Point_4,SAT_12,3,01-Jan-2030 16:30:50,01-Jan-2030 16:31:40,50,NaN,NaN
Ground_Point_4,SAT_12,4,01-Jan-2030 18:04:15,01-Jan-2030 18:05:25,70,NaN,NaN
Ground_Point_5,SAT_12,1,01-Jan-2030 10:17:00,01-Jan-2030 10:17:55,55,NaN,NaN
Ground_Point_5,SAT_12,2,01-Jan-2030 11:50:35,01-Jan-2030 11:51:40,65,NaN,NaN
Ground_Point_5,SAT_12,3,01-Jan-2030 16:30:50,01-Jan-2030 16:31:40,50,NaN,NaN
Ground_Point_5,SAT_12,4,01-Jan-2030 18:04:15,01-Jan-2030 18:05:25,70,NaN,NaN
Ground_Point_6,SAT_12,1,01-Jan-2030 07:47:55,01-Jan-2030 07:49:00,65,NaN,NaN
Ground_Point_7,SAT_12,1,01-Jan-2030 18:02:45,01-Jan-2030 18:03:00,15,NaN,NaN
Ground_Point_8,SAT_12,1,01-Jan-2030 19:46:40,01-Jan-2030 19:47:50,70,NaN,NaN
Ground_Point_10,SAT_12,1,01-Jan-2030 12:38:25,01-Jan-2030 12:39:45,80,NaN,NaN
Ground_Point_10,SAT_12,2,01-Jan-2030 18:52:05,01-Jan-2030 18:53:10,65,NaN,NaN
Ground_Point_10,SAT_12,3,01-Jan-2030 20:26:00,01-Jan-2030 20:26:40,40,NaN,NaN
Ground_Point_1,SAT_13,1,01-Jan-2030 14:20:00,01-Jan-2030 14:21:10,70,NaN,NaN
Ground_Point_2,SAT_13,1,01-Jan-2030 13:01:40,01-Jan-2030 13:03:00,80,NaN,NaN
Ground_Point_2,SAT_13,2,01-Jan-2030 19:15:20,01-Jan-2030 19:16:35,75,NaN,NaN
Ground_Point_3,SAT_13,1,01-Jan-2030 13:01:40,01-Jan-2030 13:03:00,80,NaN,NaN
Ground_Point_3,SAT_13,2,01-Jan-2030 19:15:20,01-Jan-2030 19:16:35,75,NaN,NaN
Ground_Point_4,SAT_13,1,01-Jan-2030 13:01:40,01-Jan-2030 13:03:00,80,NaN,NaN
Ground_Point_4,SAT_13,2,01-Jan-2030 19:15:20,01-Jan-2030 19:16:35,75,NaN,NaN
Ground_Point_5,SAT_13,1,01-Jan-2030 13:01:40,01-Jan-2030 13:03:00,80,NaN,NaN
Ground_Point_5,SAT_13,2,01-Jan-2030 19:15:20,01-Jan-2030 19:16:35,75,NaN,NaN
Ground_Point_6,SAT_13,1,01-Jan-2030 01:14:25,01-Jan-2030 01:15:25,60,NaN,NaN
Ground_Point_6,SAT_13,2,01-Jan-2030 08:59:10,01-Jan-2030 09:00:00,50,NaN,NaN
Ground_Point_7,SAT_13,1,01-Jan-2030 11:29:45,01-Jan-2030 11:31:05,80,NaN,NaN
Ground_Point_7,SAT_13,2,01-Jan-2030 20:47:00,01-Jan-2030 20:48:15,75,NaN,NaN
Ground_Point_8,SAT_13,1,01-Jan-2030 06:36:05,01-Jan-2030 06:37:10,65,NaN,NaN
Ground_Point_9,SAT_13,1,01-Jan-2030 08:09:20,01-Jan-2030 08:10:35,75,NaN,NaN
Ground_Point_9,SAT_13,2,01-Jan-2030 22:32:55,01-Jan-2030 22:33:55,60,NaN,NaN
Ground_Point_10,SAT_13,1,01-Jan-2030 13:50:05,01-Jan-2030 13:50:15,10,NaN,NaN
Ground_Point_10,SAT_13,2,01-Jan-2030 15:23:20,01-Jan-2030 15:24:30,70,NaN,NaN
Ground_Point_10,SAT_13,3,01-Jan-2030 21:36:45,01-Jan-2030 21:38:05,80,NaN,NaN
Ground_Point_11,SAT_13,1,01-Jan-2030 04:29:20,01-Jan-2030 04:30:05,45,NaN,NaN
Ground_Point_11,SAT_13,2,01-Jan-2030 15:11:40,01-Jan-2030 15:12:50,70,NaN,NaN
Ground_Point_12,SAT_13,1,01-Jan-2030 12:23:55,01-Jan-2030 12:24:25,30,NaN,NaN
Ground_Point_1,SAT_14,1,01-Jan-2030 03:22:40,01-Jan-2030 03:23:25,45,NaN,NaN
Ground_Point_2,SAT_14,1,01-Jan-2030 12:38:20,01-Jan-2030 12:39:35,75,NaN,NaN
Ground_Point_2,SAT_14,2,01-Jan-2030 14:12:15,01-Jan-2030 14:12:55,40,NaN,NaN
Ground_Point_2,SAT_14,3,01-Jan-2030 18:52:05,01-Jan-2030 18:53:15,70,NaN,NaN
Ground_Point_2,SAT_14,4,01-Jan-2030 20:26:00,01-Jan-2030 20:26:45,45,NaN,NaN
Ground_Point_3,SAT_14,1,01-Jan-2030 12:38:20,01-Jan-2030 12:39:35,75,NaN,NaN
Ground_Point_3,SAT_14,2,01-Jan-2030 14:12:15,01-Jan-2030 14:12:55,40,NaN,NaN
Ground_Point_3,SAT_14,3,01-Jan-2030 18:52:05,01-Jan-2030 18:53:15,70,NaN,NaN
Ground_Point_3,SAT_14,4,01-Jan-2030 20:26:00,01-Jan-2030 20:26:45,45,NaN,NaN
Ground_Point_4,SAT_14,1,01-Jan-2030 12:38:20,01-Jan-2030 12:39:35,75,NaN,NaN
Ground_Point_4,SAT_14,2,01-Jan-2030 14:12:15,01-Jan-2030 14:12:55,40,NaN,NaN
Ground_Point_4,SAT_14,3,01-Jan-2030 18:52:05,01-Jan-2030 18:53:15,70,NaN,NaN
Ground_Point_4,SAT_14,4,01-Jan-2030 20:26:00,01-Jan-2030 20:26:45,45,NaN,NaN
Ground_Point_5,SAT_14,1,01-Jan-2030 12:38:20,01-Jan-2030 12:39:35,75,NaN,NaN
Ground_Point_5,SAT_14,2,01-Jan-2030 14:12:15,01-Jan-2030 14:12:55,40,NaN,NaN
Ground_Point_5,SAT_14,3,01-Jan-2030 18:52:05,01-Jan-2030 18:53:15,70,NaN,NaN
Ground_Point_5,SAT_14,4,01-Jan-2030 20:26:00,01-Jan-2030 20:26:45,45,NaN,NaN
Ground_Point_6,SAT_14,1,01-Jan-2030 00:50:55,01-Jan-2030 00:52:15,80,NaN,NaN
Ground_Point_7,SAT_14,1,01-Jan-2030 11:06:35,01-Jan-2030 11:07:30,55,NaN,NaN
Ground_Point_7,SAT_14,2,01-Jan-2030 20:23:40,01-Jan-2030 20:24:55,75,NaN,NaN
Ground_Point_9,SAT_14,1,01-Jan-2030 07:46:05,01-Jan-2030 07:47:10,65,NaN,NaN
Ground_Point_9,SAT_14,2,01-Jan-2030 22:09:25,01-Jan-2030 22:10:45,80,NaN,NaN
Ground_Point_10,SAT_14,1,01-Jan-2030 14:59:55,01-Jan-2030 15:01:15,80,NaN,NaN
Ground_Point_10,SAT_14,2,01-Jan-2030 21:13:30,01-Jan-2030 21:14:45,75,NaN,NaN
Ground_Point_1,SAT_15,1,01-Jan-2030 02:59:40,01-Jan-2030 02:59:55,15,NaN,NaN
Ground_Point_2,SAT_15,1,01-Jan-2030 12:15:05,01-Jan-2030 12:16:00,55,NaN,NaN
Ground_Point_2,SAT_15,2,01-Jan-2030 13:48:45,01-Jan-2030 13:49:45,60,NaN,NaN
Ground_Point_2,SAT_15,3,01-Jan-2030 18:28:55,01-Jan-2030 18:29:45,50,NaN,NaN
Ground_Point_2,SAT_15,4,01-Jan-2030 20:02:25,01-Jan-2030 20:03:35,70,NaN,NaN
Ground_Point_3,SAT_15,1,01-Jan-2030 12:15:05,01-Jan-2030 12:16:00,55,NaN,NaN
Ground_Point_3,SAT_15,2,01-Jan-2030 13:48:45,01-Jan-2030 13:49:45,60,NaN,NaN
Ground_Point_3,SAT_15,3,01-Jan-2030 18:28:55,01-Jan-2030 18:29:45,50,NaN,NaN
Ground_Point_3,SAT_15,4,01-Jan-2030 20:02:25,01-Jan-2030 20:03:35,70,NaN,NaN
Ground_Point_4,SAT_15,1,01-Jan-2030 12:15:05,01-Jan-2030 12:16:00,55,NaN,NaN
Ground_Point_4,SAT_15,2,01-Jan-2030 13:48:45,01-Jan-2030 13:49:45,60,NaN,NaN
Ground_Point_4,SAT_15,3,01-Jan-2030 18:28:55,01-Jan-2030 18:29:45,50,NaN,NaN
Ground_Point_4,SAT_15,4,01-Jan-2030 20:02:25,01-Jan-2030 20:03:35,70,NaN,NaN
Ground_Point_5,SAT_15,1,01-Jan-2030 12:15:05,01-Jan-2030 12:16:00,55,NaN,NaN
Ground_Point_5,SAT_15,2,01-Jan-2030 13:48:45,01-Jan-2030 13:49:45,60,NaN,NaN
Ground_Point_5,SAT_15,3,01-Jan-2030 18:28:55,01-Jan-2030 18:29:45,50,NaN,NaN
Ground_Point_5,SAT_15,4,01-Jan-2030 20:02:25,01-Jan-2030 20:03:35,70,NaN,NaN
Ground_Point_6,SAT_15,1,01-Jan-2030 00:27:40,01-Jan-2030 00:28:50,70,NaN,NaN
Ground_Point_6,SAT_15,2,01-Jan-2030 09:46:00,01-Jan-2030 09:47:10,70,NaN,NaN
Ground_Point_8,SAT_15,1,01-Jan-2030 21:44:45,01-Jan-2030 21:46:00,75,NaN,NaN
Ground_Point_10,SAT_15,1,01-Jan-2030 14:36:35,01-Jan-2030 14:37:55,80,NaN,NaN
Ground_Point_10,SAT_15,2,01-Jan-2030 20:50:15,01-Jan-2030 20:51:20,65,NaN,NaN
Ground_Point_10,SAT_15,3,01-Jan-2030 22:24:05,01-Jan-2030 22:24:50,45,NaN,NaN
Ground_Point_2,SAT_16,1,01-Jan-2030 13:25:20,01-Jan-2030 13:26:35,75,NaN,NaN
Ground_Point_2,SAT_16,2,01-Jan-2030 19:39:00,01-Jan-2030 19:40:20,80,NaN,NaN
Ground_Point_3,SAT_16,1,01-Jan-2030 13:25:20,01-Jan-2030 13:26:35,75,NaN,NaN
Ground_Point_3,SAT_16,2,01-Jan-2030 19:39:00,01-Jan-2030 19:40:20,80,NaN,NaN
Ground_Point_4,SAT_16,1,01-Jan-2030 13:25:20,01-Jan-2030 13:26:35,75,NaN,NaN
Ground_Point_4,SAT_16,2,01-Jan-2030 19:39:00,01-Jan-2030 19:40:20,80,NaN,NaN
Ground_Point_5,SAT_16,1,01-Jan-2030 13:25:20,01-Jan-2030 13:26:35,75,NaN,NaN
Ground_Point_5,SAT_16,2,01-Jan-2030 19:39:00,01-Jan-2030 19:40:20,80,NaN,NaN
Ground_Point_6,SAT_16,1,01-Jan-2030 09:22:35,01-Jan-2030 09:23:55,80,NaN,NaN
Ground_Point_7,SAT_16,1,01-Jan-2030 11:53:35,01-Jan-2030 11:54:30,55,NaN,NaN
Ground_Point_8,SAT_16,1,01-Jan-2030 06:59:35,01-Jan-2030 07:00:55,80,NaN,NaN
Ground_Point_8,SAT_16,2,01-Jan-2030 21:21:25,01-Jan-2030 21:22:40,75,NaN,NaN
Ground_Point_10,SAT_16,1,01-Jan-2030 14:13:20,01-Jan-2030 14:14:25,65,NaN,NaN
Ground_Point_10,SAT_16,2,01-Jan-2030 15:47:05,01-Jan-2030 15:47:55,50,NaN,NaN
Ground_Point_10,SAT_16,3,01-Jan-2030 20:27:10,01-Jan-2030 20:27:50,40,NaN,NaN
Ground_Point_10,SAT_16,4,01-Jan-2030 22:00:30,01-Jan-2030 22:01:45,75,NaN,NaN
Ground_Point_11,SAT_16,1,01-Jan-2030 04:52:45,01-Jan-2030 04:53:55,70,NaN,NaN
Ground_Point_11,SAT_16,2,01-Jan-2030 15:35:35,01-Jan-2030 15:36:15,40,NaN,NaN
Ground_Point_12,SAT_16,1,01-Jan-2030 12:47:15,01-Jan-2030 12:48:20,65,NaN,NaN
Ground_Point_12,SAT_16,2,01-Jan-2030 23:26:30,01-Jan-2030 23:27:45,75,NaN,NaN
Ground_Point_1,SAT_17,1,01-Jan-2030 05:20:45,01-Jan-2030 05:21:40,55,NaN,NaN
Ground_Point_2,SAT_17,1,01-Jan-2030 14:36:30,01-Jan-2030 14:37:40,70,NaN,NaN
Ground_Point_2,SAT_17,2,01-Jan-2030 16:10:20,01-Jan-2030 16:11:05,45,NaN,NaN
Ground_Point_2,SAT_17,3,01-Jan-2030 20:50:15,01-Jan-2030 20:51:20,65,NaN,NaN
Ground_Point_2,SAT_17,4,01-Jan-2030 22:24:10,01-Jan-2030 22:24:55,45,NaN,NaN
Ground_Point_3,SAT_17,1,01-Jan-2030 14:36:30,01-Jan-2030 14:37:40,70,NaN,NaN
Ground_Point_3,SAT_17,2,01-Jan-2030 16:10:20,01-Jan-2030 16:11:05,45,NaN,NaN
Ground_Point_3,SAT_17,3,01-Jan-2030 20:50:15,01-Jan-2030 20:51:20,65,NaN,NaN
Ground_Point_3,SAT_17,4,01-Jan-2030 22:24:10,01-Jan-2030 22:24:55,45,NaN,NaN
Ground_Point_4,SAT_17,1,01-Jan-2030 14:36:30,01-Jan-2030 14:37:40,70,NaN,NaN
Ground_Point_4,SAT_17,2,01-Jan-2030 16:10:20,01-Jan-2030 16:11:05,45,NaN,NaN
Ground_Point_4,SAT_17,3,01-Jan-2030 20:50:15,01-Jan-2030 20:51:20,65,NaN,NaN
Ground_Point_4,SAT_17,4,01-Jan-2030 22:24:10,01-Jan-2030 22:24:55,45,NaN,NaN
Ground_Point_5,SAT_17,1,01-Jan-2030 14:36:30,01-Jan-2030 14:37:40,70,NaN,NaN
Ground_Point_5,SAT_17,2,01-Jan-2030 16:10:20,01-Jan-2030 16:11:05,45,NaN,NaN
Ground_Point_5,SAT_17,3,01-Jan-2030 20:50:15,01-Jan-2030 20:51:20,65,NaN,NaN
Ground_Point_5,SAT_17,4,01-Jan-2030 22:24:10,01-Jan-2030 22:24:55,45,NaN,NaN
Ground_Point_6,SAT_17,1,01-Jan-2030 02:49:05,01-Jan-2030 02:50:25,80,NaN,NaN
Ground_Point_7,SAT_17,1,01-Jan-2030 13:04:45,01-Jan-2030 13:05:35,50,NaN,NaN
Ground_Point_7,SAT_17,2,01-Jan-2030 22:21:50,01-Jan-2030 22:23:00,70,NaN,NaN
Ground_Point_9,SAT_17,1,01-Jan-2030 00:29:20,01-Jan-2030 00:30:25,65,NaN,NaN
Ground_Point_9,SAT_17,2,01-Jan-2030 09:44:15,01-Jan-2030 09:45:15,60,NaN,NaN
Ground_Point_10,SAT_17,1,01-Jan-2030 16:58:05,01-Jan-2030 16:59:25,80,NaN,NaN
Ground_Point_10,SAT_17,2,01-Jan-2030 23:11:35,01-Jan-2030 23:12:50,75,NaN,NaN
Ground_Point_2,SAT_18,1,01-Jan-2030 14:13:15,01-Jan-2030 14:14:10,55,NaN,NaN
Ground_Point_2,SAT_18,2,01-Jan-2030 15:46:50,01-Jan-2030 15:47:55,65,NaN,NaN
Ground_Point_2,SAT_18,3,01-Jan-2030 20:27:05,01-Jan-2030 20:27:55,50,NaN,NaN
Ground_Point_2,SAT_18,4,01-Jan-2030 22:00:30,01-Jan-2030 22:01:45,75,NaN,NaN
Ground_Point_3,SAT_18,1,01-Jan-2030 14:13:15,01-Jan-2030 14:14:10,55,NaN,NaN
Ground_Point_3,SAT_18,2,01-Jan-2030 15:46:50,01-Jan-2030 15:47:55,65,NaN,NaN
Ground_Point_3,SAT_18,3,01-Jan-2030 20:27:05,01-Jan-2030 20:27:55,50,NaN,NaN
Ground_Point_3,SAT_18,4,01-Jan-2030 22:00:30,01-Jan-2030 22:01:45,75,NaN,NaN
Ground_Point_4,SAT_18,1,01-Jan-2030 14:13:15,01-Jan-2030 14:14:10,55,NaN,NaN
Ground_Point_4,SAT_18,2,01-Jan-2030 15:46:50,01-Jan-2030 15:47:55,65,NaN,NaN
Ground_Point_4,SAT_18,3,01-Jan-2030 20:27:05,01-Jan-2030 20:27:55,50,NaN,NaN
Ground_Point_4,SAT_18,4,01-Jan-2030 22:00:30,01-Jan-2030 22:01:45,75,NaN,NaN
Ground_Point_5,SAT_18,1,01-Jan-2030 14:13:15,01-Jan-2030 14:14:10,55,NaN,NaN
Ground_Point_5,SAT_18,2,01-Jan-2030 15:46:50,01-Jan-2030 15:47:55,65,NaN,NaN
Ground_Point_5,SAT_18,3,01-Jan-2030 20:27:05,01-Jan-2030 20:27:55,50,NaN,NaN
Ground_Point_5,SAT_18,4,01-Jan-2030 22:00:30,01-Jan-2030 22:01:45,75,NaN,NaN
Ground_Point_6,SAT_18,1,01-Jan-2030 02:25:50,01-Jan-2030 02:26:55,65,NaN,NaN
Ground_Point_6,SAT_18,2,01-Jan-2030 11:44:05,01-Jan-2030 11:45:20,75,NaN,NaN
Ground_Point_8,SAT_18,1,01-Jan-2030 00:05:00,01-Jan-2030 00:05:15,15,NaN,NaN
Ground_Point_8,SAT_18,2,01-Jan-2030 09:21:35,01-Jan-2030 09:21:55,20,NaN,NaN
Ground_Point_8,SAT_18,3,01-Jan-2030 23:42:50,01-Jan-2030 23:44:05,75,NaN,NaN
Ground_Point_9,SAT_18,1,01-Jan-2030 00:05:55,01-Jan-2030 00:07:10,75,NaN,NaN
Ground_Point_10,SAT_18,1,01-Jan-2030 16:34:45,01-Jan-2030 16:36:00,75,NaN,NaN
Ground_Point_10,SAT_18,2,01-Jan-2030 18:08:50,01-Jan-2030 18:09:00,10,NaN,NaN
Ground_Point_10,SAT_18,3,01-Jan-2030 22:48:25,01-Jan-2030 22:49:25,60,NaN,NaN
Ground_Point_2,SAT_19,1,01-Jan-2030 15:23:30,01-Jan-2030 15:24:45,75,NaN,NaN
Ground_Point_2,SAT_19,2,01-Jan-2030 21:37:05,01-Jan-2030 21:38:25,80,NaN,NaN
Ground_Point_3,SAT_19,1,01-Jan-2030 15:23:30,01-Jan-2030 15:24:45,75,NaN,NaN
Ground_Point_3,SAT_19,2,01-Jan-2030 21:37:05,01-Jan-2030 21:38:25,80,NaN,NaN
Ground_Point_4,SAT_19,1,01-Jan-2030 15:23:30,01-Jan-2030 15:24:45,75,NaN,NaN
Ground_Point_4,SAT_19,2,01-Jan-2030 21:37:05,01-Jan-2030 21:38:25,80,NaN,NaN
Ground_Point_5,SAT_19,1,01-Jan-2030 15:23:30,01-Jan-2030 15:24:45,75,NaN,NaN
Ground_Point_5,SAT_19,2,01-Jan-2030 21:37:05,01-Jan-2030 21:38:25,80,NaN,NaN
Ground_Point_6,SAT_19,1,01-Jan-2030 11:20:45,01-Jan-2030 11:22:00,75,NaN,NaN
Ground_Point_7,SAT_19,1,01-Jan-2030 13:51:40,01-Jan-2030 13:52:40,60,NaN,NaN
Ground_Point_8,SAT_19,1,01-Jan-2030 08:57:45,01-Jan-2030 08:59:00,75,NaN,NaN
Ground_Point_8,SAT_19,2,01-Jan-2030 23:19:35,01-Jan-2030 23:20:45,70,NaN,NaN
Ground_Point_10,SAT_19,1,01-Jan-2030 00:20:35,01-Jan-2030 00:21:25,50,NaN,NaN
Ground_Point_10,SAT_19,2,01-Jan-2030 16:11:30,01-Jan-2030 16:12:30,60,NaN,NaN
Ground_Point_10,SAT_19,3,01-Jan-2030 17:45:15,01-Jan-2030 17:46:05,50,NaN,NaN
Ground_Point_10,SAT_19,4,01-Jan-2030 22:25:20,01-Jan-2030 22:25:55,35,NaN,NaN
Ground_Point_10,SAT_19,5,01-Jan-2030 23:58:40,01-Jan-2030 23:59:50,70,NaN,NaN
Ground_Point_11,SAT_19,1,01-Jan-2030 06:50:55,01-Jan-2030 06:52:05,70,NaN,NaN
Ground_Point_11,SAT_19,2,01-Jan-2030 17:33:35,01-Jan-2030 17:34:25,50,NaN,NaN
Ground_Point_12,SAT_19,1,01-Jan-2030 01:46:40,01-Jan-2030 01:47:05,25,NaN,NaN
Ground_Point_12,SAT_19,2,01-Jan-2030 14:45:20,01-Jan-2030 14:46:30,70,NaN,NaN
Ground_Point_1,SAT_20,1,01-Jan-2030 16:18:30,01-Jan-2030 16:19:35,65,NaN,NaN
Ground_Point_2,SAT_20,1,01-Jan-2030 15:00:05,01-Jan-2030 15:01:25,80,NaN,NaN
Ground_Point_2,SAT_20,2,01-Jan-2030 21:13:50,01-Jan-2030 21:15:05,75,NaN,NaN
Ground_Point_3,SAT_20,1,01-Jan-2030 15:00:05,01-Jan-2030 15:01:25,80,NaN,NaN
Ground_Point_3,SAT_20,2,01-Jan-2030 21:13:50,01-Jan-2030 21:15:05,75,NaN,NaN
Ground_Point_4,SAT_20,1,01-Jan-2030 15:00:05,01-Jan-2030 15:01:25,80,NaN,NaN
Ground_Point_4,SAT_20,2,01-Jan-2030 21:13:50,01-Jan-2030 21:15:05,75,NaN,NaN
Ground_Point_5,SAT_20,1,01-Jan-2030 15:00:05,01-Jan-2030 15:01:25,80,NaN,NaN
Ground_Point_5,SAT_20,2,01-Jan-2030 21:13:50,01-Jan-2030 21:15:05,75,NaN,NaN
Ground_Point_6,SAT_20,1,01-Jan-2030 03:12:50,01-Jan-2030 03:13:55,65,NaN,NaN
Ground_Point_6,SAT_20,2,01-Jan-2030 10:57:40,01-Jan-2030 10:58:30,50,NaN,NaN
Ground_Point_7,SAT_20,1,01-Jan-2030 13:28:15,01-Jan-2030 13:29:30,75,NaN,NaN
Ground_Point_7,SAT_20,2,01-Jan-2030 22:45:25,01-Jan-2030 22:46:45,80,NaN,NaN
Ground_Point_8,SAT_20,1,01-Jan-2030 08:34:30,01-Jan-2030 08:35:35,65,NaN,NaN
Ground_Point_9,SAT_20,1,01-Jan-2030 10:07:45,01-Jan-2030 10:09:00,75,NaN,NaN
Ground_Point_10,SAT_20,1,01-Jan-2030 17:21:45,01-Jan-2030 17:23:00,75,NaN,NaN
Ground_Point_10,SAT_20,2,01-Jan-2030 23:35:15,01-Jan-2030 23:36:35,80,NaN,NaN
Ground_Point_11,SAT_20,1,01-Jan-2030 06:27:55,01-Jan-2030 06:28:25,30,NaN,NaN
Ground_Point_11,SAT_20,2,01-Jan-2030 17:10:10,01-Jan-2030 17:11:15,65,NaN,NaN
Ground_Point_12,SAT_20,1,01-Jan-2030 01:23:00,01-Jan-2030 01:24:05,65,NaN,NaN
Ground_Point_2,SAT_21,1,01-Jan-2030 00:20:35,01-Jan-2030 00:21:25,50,NaN,NaN
Ground_Point_2,SAT_21,2,01-Jan-2030 16:11:30,01-Jan-2030 16:12:15,45,NaN,NaN
Ground_Point_2,SAT_21,3,01-Jan-2030 17:45:00,01-Jan-2030 17:46:05,65,NaN,NaN
Ground_Point_2,SAT_21,4,01-Jan-2030 22:25:15,01-Jan-2030 22:26:00,45,NaN,NaN
Ground_Point_2,SAT_21,5,01-Jan-2030 23:58:40,01-Jan-2030 23:59:50,70,NaN,NaN
Ground_Point_3,SAT_21,1,01-Jan-2030 00:20:35,01-Jan-2030 00:21:25,50,NaN,NaN
Ground_Point_3,SAT_21,2,01-Jan-2030 16:11:30,01-Jan-2030 16:12:15,45,NaN,NaN
Ground_Point_3,SAT_21,3,01-Jan-2030 17:45:00,01-Jan-2030 17:46:05,65,NaN,NaN
Ground_Point_3,SAT_21,4,01-Jan-2030 22:25:15,01-Jan-2030 22:26:00,45,NaN,NaN
Ground_Point_3,SAT_21,5,01-Jan-2030 23:58:40,01-Jan-2030 23:59:50,70,NaN,NaN
Ground_Point_4,SAT_21,1,01-Jan-2030 00:20:35,01-Jan-2030 00:21:25,50,NaN,NaN
Ground_Point_4,SAT_21,2,01-Jan-2030 16:11:30,01-Jan-2030 16:12:15,45,NaN,NaN
Ground_Point_4,SAT_21,3,01-Jan-2030 17:45:00,01-Jan-2030 17:46:05,65,NaN,NaN
Ground_Point_4,SAT_21,4,01-Jan-2030 22:25:15,01-Jan-2030 22:26:00,45,NaN,NaN
Ground_Point_4,SAT_21,5,01-Jan-2030 23:58:40,01-Jan-2030 23:59:50,70,NaN,NaN
Ground_Point_5,SAT_21,1,01-Jan-2030 00:20:35,01-Jan-2030 00:21:25,50,NaN,NaN
Ground_Point_5,SAT_21,2,01-Jan-2030 16:11:30,01-Jan-2030 16:12:15,45,NaN,NaN
Ground_Point_5,SAT_21,3,01-Jan-2030 17:45:00,01-Jan-2030 17:46:05,65,NaN,NaN
Ground_Point_5,SAT_21,4,01-Jan-2030 22:25:15,01-Jan-2030 22:26:00,45,NaN,NaN
Ground_Point_5,SAT_21,5,01-Jan-2030 23:58:40,01-Jan-2030 23:59:50,70,NaN,NaN
Ground_Point_6,SAT_21,1,01-Jan-2030 04:24:00,01-Jan-2030 04:25:00,60,NaN,NaN
Ground_Point_6,SAT_21,2,01-Jan-2030 13:42:15,01-Jan-2030 13:43:25,70,NaN,NaN
Ground_Point_7,SAT_21,1,01-Jan-2030 00:18:20,01-Jan-2030 00:19:30,70,NaN,NaN
Ground_Point_8,SAT_21,1,01-Jan-2030 02:03:00,01-Jan-2030 02:03:30,30,NaN,NaN
Ground_Point_8,SAT_21,2,01-Jan-2030 11:19:40,01-Jan-2030 11:20:10,30,NaN,NaN
Ground_Point_9,SAT_21,1,01-Jan-2030 02:04:05,01-Jan-2030 02:05:15,70,NaN,NaN
Ground_Point_10,SAT_21,1,01-Jan-2030 01:08:05,01-Jan-2030 01:09:20,75,NaN,NaN
Ground_Point_10,SAT_21,2,01-Jan-2030 18:32:50,01-Jan-2030 18:34:10,80,NaN,NaN
Ground_Point_10,SAT_21,3,01-Jan-2030 20:06:55,01-Jan-2030 20:07:20,25,NaN,NaN
Ground_Point_2,SAT_22,1,01-Jan-2030 17:21:35,01-Jan-2030 17:22:50,75,NaN,NaN
Ground_Point_2,SAT_22,2,01-Jan-2030 23:35:15,01-Jan-2030 23:36:30,75,NaN,NaN
Ground_Point_3,SAT_22,1,01-Jan-2030 17:21:35,01-Jan-2030 17:22:50,75,NaN,NaN
Ground_Point_3,SAT_22,2,01-Jan-2030 23:35:15,01-Jan-2030 23:36:30,75,NaN,NaN
Ground_Point_4,SAT_22,1,01-Jan-2030 17:21:35,01-Jan-2030 17:22:50,75,NaN,NaN
Ground_Point_4,SAT_22,2,01-Jan-2030 23:35:15,01-Jan-2030 23:36:30,75,NaN,NaN
Ground_Point_5,SAT_22,1,01-Jan-2030 17:21:35,01-Jan-2030 17:22:50,75,NaN,NaN
Ground_Point_5,SAT_22,2,01-Jan-2030 23:35:15,01-Jan-2030 23:36:30,75,NaN,NaN
Ground_Point_6,SAT_22,1,01-Jan-2030 13:18:50,01-Jan-2030 13:20:10,80,NaN,NaN
Ground_Point_7,SAT_22,1,01-Jan-2030 15:49:45,01-Jan-2030 15:50:50,65,NaN,NaN
Ground_Point_8,SAT_22,1,01-Jan-2030 01:39:20,01-Jan-2030 01:40:35,75,NaN,NaN
Ground_Point_8,SAT_22,2,01-Jan-2030 10:55:50,01-Jan-2030 10:57:10,80,NaN,NaN
Ground_Point_10,SAT_22,1,01-Jan-2030 00:44:55,01-Jan-2030 00:45:55,60,NaN,NaN
Ground_Point_10,SAT_22,2,01-Jan-2030 02:18:40,01-Jan-2030 02:19:30,50,NaN,NaN
Ground_Point_10,SAT_22,3,01-Jan-2030 18:09:35,01-Jan-2030 18:10:35,60,NaN,NaN
Ground_Point_10,SAT_22,4,01-Jan-2030 19:43:20,01-Jan-2030 19:44:15,55,NaN,NaN
Ground_Point_11,SAT_22,1,01-Jan-2030 08:49:00,01-Jan-2030 08:50:15,75,NaN,NaN
Ground_Point_11,SAT_22,2,01-Jan-2030 19:31:40,01-Jan-2030 19:32:35,55,NaN,NaN
Ground_Point_12,SAT_22,1,01-Jan-2030 03:44:40,01-Jan-2030 03:45:20,40,NaN,NaN
Ground_Point_12,SAT_22,2,01-Jan-2030 16:43:25,01-Jan-2030 16:44:40,75,NaN,NaN
Ground_Point_1,SAT_23,1,01-Jan-2030 18:16:40,01-Jan-2030 18:17:35,55,NaN,NaN
Ground_Point_2,SAT_23,1,01-Jan-2030 16:58:15,01-Jan-2030 16:59:35,80,NaN,NaN
Ground_Point_2,SAT_23,2,01-Jan-2030 23:11:55,01-Jan-2030 23:13:10,75,NaN,NaN
Ground_Point_3,SAT_23,1,01-Jan-2030 16:58:15,01-Jan-2030 16:59:35,80,NaN,NaN
Ground_Point_3,SAT_23,2,01-Jan-2030 23:11:55,01-Jan-2030 23:13:10,75,NaN,NaN
Ground_Point_4,SAT_23,1,01-Jan-2030 16:58:15,01-Jan-2030 16:59:35,80,NaN,NaN
Ground_Point_4,SAT_23,2,01-Jan-2030 23:11:55,01-Jan-2030 23:13:10,75,NaN,NaN
Ground_Point_5,SAT_23,1,01-Jan-2030 16:58:15,01-Jan-2030 16:59:35,80,NaN,NaN
Ground_Point_5,SAT_23,2,01-Jan-2030 23:11:55,01-Jan-2030 23:13:10,75,NaN,NaN
Ground_Point_6,SAT_23,1,01-Jan-2030 05:10:55,01-Jan-2030 05:12:05,70,NaN,NaN
Ground_Point_6,SAT_23,2,01-Jan-2030 12:55:50,01-Jan-2030 12:56:35,45,NaN,NaN
Ground_Point_7,SAT_23,1,01-Jan-2030 01:05:40,01-Jan-2030 01:06:05,25,NaN,NaN
Ground_Point_7,SAT_23,2,01-Jan-2030 15:26:20,01-Jan-2030 15:27:40,80,NaN,NaN
Ground_Point_8,SAT_23,1,01-Jan-2030 01:16:05,01-Jan-2030 01:17:10,65,NaN,NaN
Ground_Point_8,SAT_23,2,01-Jan-2030 10:32:40,01-Jan-2030 10:33:45,65,NaN,NaN
Ground_Point_9,SAT_23,1,01-Jan-2030 12:05:50,01-Jan-2030 12:07:10,80,NaN,NaN
Ground_Point_10,SAT_23,1,01-Jan-2030 00:21:50,01-Jan-2030 00:22:25,35,NaN,NaN
Ground_Point_10,SAT_23,2,01-Jan-2030 01:55:05,01-Jan-2030 01:56:20,75,NaN,NaN
Ground_Point_10,SAT_23,3,01-Jan-2030 19:19:55,01-Jan-2030 19:21:05,70,NaN,NaN
Ground_Point_11,SAT_23,1,01-Jan-2030 19:08:20,01-Jan-2030 19:09:20,60,NaN,NaN
Ground_Point_12,SAT_23,1,01-Jan-2030 03:21:15,01-Jan-2030 03:22:10,55,NaN,NaN
Ground_Point_1,SAT_24,1,01-Jan-2030 07:19:05,01-Jan-2030 07:20:10,65,NaN,NaN
Ground_Point_2,SAT_24,1,01-Jan-2030 16:34:55,01-Jan-2030 16:36:10,75,NaN,NaN
Ground_Point_2,SAT_24,2,01-Jan-2030 18:08:45,01-Jan-2030 18:09:35,50,NaN,NaN
Ground_Point_2,SAT_24,3,01-Jan-2030 22:48:40,01-Jan-2030 22:49:50,70,NaN,NaN
Ground_Point_3,SAT_24,1,01-Jan-2030 16:34:55,01-Jan-2030 16:36:10,75,NaN,NaN
Ground_Point_3,SAT_24,2,01-Jan-2030 18:08:45,01-Jan-2030 18:09:35,50,NaN,NaN
Ground_Point_3,SAT_24,3,01-Jan-2030 22:48:40,01-Jan-2030 22:49:50,70,NaN,NaN
Ground_Point_4,SAT_24,1,01-Jan-2030 16:34:55,01-Jan-2030 16:36:10,75,NaN,NaN
Ground_Point_4,SAT_24,2,01-Jan-2030 18:08:45,01-Jan-2030 18:09:35,50,NaN,NaN
Ground_Point_4,SAT_24,3,01-Jan-2030 22:48:40,01-Jan-2030 22:49:50,70,NaN,NaN
Ground_Point_5,SAT_24,1,01-Jan-2030 16:34:55,01-Jan-2030 16:36:10,75,NaN,NaN
Ground_Point_5,SAT_24,2,01-Jan-2030 18:08:45,01-Jan-2030 18:09:35,50,NaN,NaN
Ground_Point_5,SAT_24,3,01-Jan-2030 22:48:40,01-Jan-2030 22:49:50,70,NaN,NaN
Ground_Point_6,SAT_24,1,01-Jan-2030 04:47:30,01-Jan-2030 04:48:50,80,NaN,NaN
Ground_Point_7,SAT_24,1,01-Jan-2030 00:41:55,01-Jan-2030 00:43:10,75,NaN,NaN
Ground_Point_7,SAT_24,2,01-Jan-2030 15:03:15,01-Jan-2030 15:04:00,45,NaN,NaN
Ground_Point_9,SAT_24,1,01-Jan-2030 02:27:45,01-Jan-2030 02:28:55,70,NaN,NaN
Ground_Point_9,SAT_24,2,01-Jan-2030 11:42:40,01-Jan-2030 11:43:40,60,NaN,NaN
Ground_Point_10,SAT_24,1,01-Jan-2030 01:31:40,01-Jan-2030 01:33:00,80,NaN,NaN
Ground_Point_10,SAT_24,2,01-Jan-2030 18:56:30,01-Jan-2030 18:57:50,80,NaN,NaN
Ground_Point_1,SAT_25,1,01-Jan-2030 20:38:25,01-Jan-2030 20:38:45,20,NaN,NaN
Ground_Point_2,SAT_25,1,01-Jan-2030 00:21:40,01-Jan-2030 00:22:30,50,NaN,NaN
Ground_Point_2,SAT_25,2,01-Jan-2030 01:55:05,01-Jan-2030 01:56:20,75,NaN,NaN
Ground_Point_2,SAT_25,3,01-Jan-2030 19:19:45,01-Jan-2030 19:21:00,75,NaN,NaN
Ground_Point_3,SAT_25,1,01-Jan-2030 00:21:40,01-Jan-2030 00:22:30,50,NaN,NaN
Ground_Point_3,SAT_25,2,01-Jan-2030 01:55:05,01-Jan-2030 01:56:20,75,NaN,NaN
Ground_Point_3,SAT_25,3,01-Jan-2030 19:19:45,01-Jan-2030 19:21:00,75,NaN,NaN
Ground_Point_4,SAT_25,1,01-Jan-2030 00:21:40,01-Jan-2030 00:22:30,50,NaN,NaN
Ground_Point_4,SAT_25,2,01-Jan-2030 01:55:05,01-Jan-2030 01:56:20,75,NaN,NaN
Ground_Point_4,SAT_25,3,01-Jan-2030 19:19:45,01-Jan-2030 19:21:00,75,NaN,NaN
Ground_Point_5,SAT_25,1,01-Jan-2030 00:21:40,01-Jan-2030 00:22:30,50,NaN,NaN
Ground_Point_5,SAT_25,2,01-Jan-2030 01:55:05,01-Jan-2030 01:56:20,75,NaN,NaN
Ground_Point_5,SAT_25,3,01-Jan-2030 19:19:45,01-Jan-2030 19:21:00,75,NaN,NaN
Ground_Point_6,SAT_25,1,01-Jan-2030 15:17:00,01-Jan-2030 15:18:15,75,NaN,NaN
Ground_Point_7,SAT_25,1,01-Jan-2030 17:47:55,01-Jan-2030 17:49:00,65,NaN,NaN
Ground_Point_8,SAT_25,1,01-Jan-2030 03:37:25,01-Jan-2030 03:38:45,80,NaN,NaN
Ground_Point_8,SAT_25,2,01-Jan-2030 12:54:00,01-Jan-2030 12:55:20,80,NaN,NaN
Ground_Point_10,SAT_25,1,01-Jan-2030 02:43:00,01-Jan-2030 02:44:00,60,NaN,NaN
Ground_Point_10,SAT_25,2,01-Jan-2030 04:16:45,01-Jan-2030 04:17:40,55,NaN,NaN
Ground_Point_10,SAT_25,3,01-Jan-2030 20:07:50,01-Jan-2030 20:08:45,55,NaN,NaN
Ground_Point_10,SAT_25,4,01-Jan-2030 21:41:25,01-Jan-2030 21:42:25,60,NaN,NaN
Ground_Point_11,SAT_25,1,01-Jan-2030 10:47:05,01-Jan-2030 10:48:25,80,NaN,NaN
Ground_Point_11,SAT_25,2,01-Jan-2030 21:29:50,01-Jan-2030 21:30:50,60,NaN,NaN
Ground_Point_12,SAT_25,1,01-Jan-2030 05:42:45,01-Jan-2030 05:43:35,50,NaN,NaN
Ground_Point_12,SAT_25,2,01-Jan-2030 18:41:35,01-Jan-2030 18:42:50,75,NaN,NaN
Ground_Point_1,SAT_26,1,01-Jan-2030 20:14:55,01-Jan-2030 20:15:40,45,NaN,NaN
Ground_Point_2,SAT_26,1,01-Jan-2030 01:31:40,01-Jan-2030 01:33:00,80,NaN,NaN
Ground_Point_2,SAT_26,2,01-Jan-2030 18:56:20,01-Jan-2030 18:57:40,80,NaN,NaN
Ground_Point_2,SAT_26,3,01-Jan-2030 20:30:20,01-Jan-2030 20:30:40,20,NaN,NaN
Ground_Point_3,SAT_26,1,01-Jan-2030 01:31:40,01-Jan-2030 01:33:00,80,NaN,NaN
Ground_Point_3,SAT_26,2,01-Jan-2030 18:56:20,01-Jan-2030 18:57:40,80,NaN,NaN
Ground_Point_3,SAT_26,3,01-Jan-2030 20:30:20,01-Jan-2030 20:30:40,20,NaN,NaN
Ground_Point_4,SAT_26,1,01-Jan-2030 01:31:40,01-Jan-2030 01:33:00,80,NaN,NaN
Ground_Point_4,SAT_26,2,01-Jan-2030 18:56:20,01-Jan-2030 18:57:40,80,NaN,NaN
Ground_Point_4,SAT_26,3,01-Jan-2030 20:30:20,01-Jan-2030 20:30:40,20,NaN,NaN
Ground_Point_5,SAT_26,1,01-Jan-2030 01:31:40,01-Jan-2030 01:33:00,80,NaN,NaN
Ground_Point_5,SAT_26,2,01-Jan-2030 18:56:20,01-Jan-2030 18:57:40,80,NaN,NaN
Ground_Point_5,SAT_26,3,01-Jan-2030 20:30:20,01-Jan-2030 20:30:40,20,NaN,NaN
Ground_Point_6,SAT_26,1,01-Jan-2030 07:09:00,01-Jan-2030 07:10:10,70,NaN,NaN
Ground_Point_6,SAT_26,2,01-Jan-2030 14:53:55,01-Jan-2030 14:54:40,45,NaN,NaN
Ground_Point_7,SAT_26,1,01-Jan-2030 03:03:45,01-Jan-2030 03:04:15,30,NaN,NaN
Ground_Point_7,SAT_26,2,01-Jan-2030 17:24:25,01-Jan-2030 17:25:45,80,NaN,NaN
Ground_Point_8,SAT_26,1,01-Jan-2030 03:14:15,01-Jan-2030 03:15:15,60,NaN,NaN
Ground_Point_8,SAT_26,2,01-Jan-2030 12:30:50,01-Jan-2030 12:31:50,60,NaN,NaN
Ground_Point_9,SAT_26,1,01-Jan-2030 14:04:00,01-Jan-2030 14:05:15,75,NaN,NaN
Ground_Point_10,SAT_26,1,01-Jan-2030 02:19:55,01-Jan-2030 02:20:30,35,NaN,NaN
Ground_Point_10,SAT_26,2,01-Jan-2030 03:53:10,01-Jan-2030 03:54:25,75,NaN,NaN
Ground_Point_10,SAT_26,3,01-Jan-2030 21:18:00,01-Jan-2030 21:19:10,70,NaN,NaN
Ground_Point_11,SAT_26,1,01-Jan-2030 21:06:30,01-Jan-2030 21:07:25,55,NaN,NaN
Ground_Point_12,SAT_26,1,01-Jan-2030 05:19:25,01-Jan-2030 05:20:15,50,NaN,NaN
Ground_Point_1,SAT_27,1,01-Jan-2030 09:17:10,01-Jan-2030 09:18:25,75,NaN,NaN
Ground_Point_2,SAT_27,1,01-Jan-2030 01:08:20,01-Jan-2030 01:09:40,80,NaN,NaN
Ground_Point_2,SAT_27,2,01-Jan-2030 18:33:05,01-Jan-2030 18:34:15,70,NaN,NaN
Ground_Point_2,SAT_27,3,01-Jan-2030 20:06:50,01-Jan-2030 20:07:40,50,NaN,NaN
Ground_Point_3,SAT_27,1,01-Jan-2030 01:08:20,01-Jan-2030 01:09:40,80,NaN,NaN
Ground_Point_3,SAT_27,2,01-Jan-2030 18:33:05,01-Jan-2030 18:34:15,70,NaN,NaN
Ground_Point_3,SAT_27,3,01-Jan-2030 20:06:50,01-Jan-2030 20:07:40,50,NaN,NaN
Ground_Point_4,SAT_27,1,01-Jan-2030 01:08:20,01-Jan-2030 01:09:40,80,NaN,NaN
Ground_Point_4,SAT_27,2,01-Jan-2030 18:33:05,01-Jan-2030 18:34:15,70,NaN,NaN
Ground_Point_4,SAT_27,3,01-Jan-2030 20:06:50,01-Jan-2030 20:07:40,50,NaN,NaN
Ground_Point_5,SAT_27,1,01-Jan-2030 01:08:20,01-Jan-2030 01:09:40,80,NaN,NaN
Ground_Point_5,SAT_27,2,01-Jan-2030 18:33:05,01-Jan-2030 18:34:15,70,NaN,NaN
Ground_Point_5,SAT_27,3,01-Jan-2030 20:06:50,01-Jan-2030 20:07:40,50,NaN,NaN
Ground_Point_6,SAT_27,1,01-Jan-2030 06:45:40,01-Jan-2030 06:47:00,80,NaN,NaN
Ground_Point_7,SAT_27,1,01-Jan-2030 02:40:00,01-Jan-2030 02:41:20,80,NaN,NaN
Ground_Point_7,SAT_27,2,01-Jan-2030 17:01:30,01-Jan-2030 17:02:00,30,NaN,NaN
Ground_Point_9,SAT_27,1,01-Jan-2030 04:25:50,01-Jan-2030 04:27:05,75,NaN,NaN
Ground_Point_9,SAT_27,2,01-Jan-2030 13:40:50,01-Jan-2030 13:41:45,55,NaN,NaN
Ground_Point_10,SAT_27,1,01-Jan-2030 03:29:50,01-Jan-2030 03:31:10,80,NaN,NaN
Ground_Point_10,SAT_27,2,01-Jan-2030 20:54:35,01-Jan-2030 20:55:55,80,NaN,NaN
Ground_Point_2,SAT_28,1,01-Jan-2030 00:45:10,01-Jan-2030 00:46:15,65,NaN,NaN
Ground_Point_2,SAT_28,2,01-Jan-2030 02:19:00,01-Jan-2030 02:19:50,50,NaN,NaN
Ground_Point_2,SAT_28,3,01-Jan-2030 18:09:55,01-Jan-2030 18:10:35,40,NaN,NaN
Ground_Point_2,SAT_28,4,01-Jan-2030 19:43:25,01-Jan-2030 19:44:35,70,NaN,NaN
Ground_Point_3,SAT_28,1,01-Jan-2030 00:45:10,01-Jan-2030 00:46:15,65,NaN,NaN
Ground_Point_3,SAT_28,2,01-Jan-2030 02:19:00,01-Jan-2030 02:19:50,50,NaN,NaN
Ground_Point_3,SAT_28,3,01-Jan-2030 18:09:55,01-Jan-2030 18:10:35,40,NaN,NaN
Ground_Point_3,SAT_28,4,01-Jan-2030 19:43:25,01-Jan-2030 19:44:35,70,NaN,NaN
Ground_Point_4,SAT_28,1,01-Jan-2030 00:45:10,01-Jan-2030 00:46:15,65,NaN,NaN
Ground_Point_4,SAT_28,2,01-Jan-2030 02:19:00,01-Jan-2030 02:19:50,50,NaN,NaN
Ground_Point_4,SAT_28,3,01-Jan-2030 18:09:55,01-Jan-2030 18:10:35,40,NaN,NaN
Ground_Point_4,SAT_28,4,01-Jan-2030 19:43:25,01-Jan-2030 19:44:35,70,NaN,NaN
Ground_Point_5,SAT_28,1,01-Jan-2030 00:45:10,01-Jan-2030 00:46:15,65,NaN,NaN
Ground_Point_5,SAT_28,2,01-Jan-2030 02:19:00,01-Jan-2030 02:19:50,50,NaN,NaN
Ground_Point_5,SAT_28,3,01-Jan-2030 18:09:55,01-Jan-2030 18:10:35,40,NaN,NaN
Ground_Point_5,SAT_28,4,01-Jan-2030 19:43:25,01-Jan-2030 19:44:35,70,NaN,NaN
Ground_Point_6,SAT_28,1,01-Jan-2030 06:22:30,01-Jan-2030 06:23:25,55,NaN,NaN
Ground_Point_6,SAT_28,2,01-Jan-2030 15:40:40,01-Jan-2030 15:41:55,75,NaN,NaN
Ground_Point_7,SAT_28,1,01-Jan-2030 02:16:45,01-Jan-2030 02:17:55,70,NaN,NaN
Ground_Point_8,SAT_28,1,01-Jan-2030 04:01:20,01-Jan-2030 04:02:05,45,NaN,NaN
Ground_Point_8,SAT_28,2,01-Jan-2030 13:18:05,01-Jan-2030 13:18:35,30,NaN,NaN
Ground_Point_9,SAT_28,1,01-Jan-2030 04:02:35,01-Jan-2030 04:03:40,65,NaN,NaN
Ground_Point_10,SAT_28,1,01-Jan-2030 03:06:30,01-Jan-2030 03:07:45,75,NaN,NaN
Ground_Point_10,SAT_28,2,01-Jan-2030 20:31:20,01-Jan-2030 20:32:35,75,NaN,NaN
Ground_Point_10,SAT_28,3,01-Jan-2030 22:05:15,01-Jan-2030 22:05:50,35,NaN,NaN
Ground_Point_1,SAT_29,1,01-Jan-2030 22:13:10,01-Jan-2030 22:13:35,25,NaN,NaN
Ground_Point_2,SAT_29,1,01-Jan-2030 01:56:50,01-Jan-2030 01:57:00,10,NaN,NaN
Ground_Point_2,SAT_29,2,01-Jan-2030 03:29:45,01-Jan-2030 03:31:05,80,NaN,NaN
Ground_Point_2,SAT_29,3,01-Jan-2030 20:54:25,01-Jan-2030 20:55:45,80,NaN,NaN
Ground_Point_2,SAT_29,4,01-Jan-2030 22:28:25,01-Jan-2030 22:28:55,30,NaN,NaN
Ground_Point_3,SAT_29,1,01-Jan-2030 01:56:50,01-Jan-2030 01:57:00,10,NaN,NaN
Ground_Point_3,SAT_29,2,01-Jan-2030 03:29:45,01-Jan-2030 03:31:05,80,NaN,NaN
Ground_Point_3,SAT_29,3,01-Jan-2030 20:54:25,01-Jan-2030 20:55:45,80,NaN,NaN
Ground_Point_3,SAT_29,4,01-Jan-2030 22:28:25,01-Jan-2030 22:28:55,30,NaN,NaN
Ground_Point_4,SAT_29,1,01-Jan-2030 01:56:50,01-Jan-2030 01:57:00,10,NaN,NaN
Ground_Point_4,SAT_29,2,01-Jan-2030 03:29:45,01-Jan-2030 03:31:05,80,NaN,NaN
Ground_Point_4,SAT_29,3,01-Jan-2030 20:54:25,01-Jan-2030 20:55:45,80,NaN,NaN
Ground_Point_4,SAT_29,4,01-Jan-2030 22:28:25,01-Jan-2030 22:28:55,30,NaN,NaN
Ground_Point_5,SAT_29,1,01-Jan-2030 01:56:50,01-Jan-2030 01:57:00,10,NaN,NaN
Ground_Point_5,SAT_29,2,01-Jan-2030 03:29:45,01-Jan-2030 03:31:05,80,NaN,NaN
Ground_Point_5,SAT_29,3,01-Jan-2030 20:54:25,01-Jan-2030 20:55:45,80,NaN,NaN
Ground_Point_5,SAT_29,4,01-Jan-2030 22:28:25,01-Jan-2030 22:28:55,30,NaN,NaN
Ground_Point_6,SAT_29,1,01-Jan-2030 09:07:10,01-Jan-2030 09:08:20,70,NaN,NaN
Ground_Point_6,SAT_29,2,01-Jan-2030 16:52:05,01-Jan-2030 16:52:45,40,NaN,NaN
Ground_Point_7,SAT_29,1,01-Jan-2030 05:01:50,01-Jan-2030 05:02:25,35,NaN,NaN
Ground_Point_7,SAT_29,2,01-Jan-2030 19:22:35,01-Jan-2030 19:23:50,75,NaN,NaN
Ground_Point_8,SAT_29,1,01-Jan-2030 05:12:25,01-Jan-2030 05:13:15,50,NaN,NaN
Ground_Point_8,SAT_29,2,01-Jan-2030 14:28:55,01-Jan-2030 14:29:55,60,NaN,NaN
Ground_Point_9,SAT_29,1,01-Jan-2030 16:02:05,01-Jan-2030 16:03:25,80,NaN,NaN
Ground_Point_10,SAT_29,1,01-Jan-2030 04:18:00,01-Jan-2030 04:18:40,40,NaN,NaN
Ground_Point_10,SAT_29,2,01-Jan-2030 05:51:20,01-Jan-2030 05:52:30,70,NaN,NaN
Ground_Point_10,SAT_29,3,01-Jan-2030 23:16:05,01-Jan-2030 23:17:20,75,NaN,NaN
Ground_Point_11,SAT_29,1,01-Jan-2030 23:04:40,01-Jan-2030 23:05:30,50,NaN,NaN
Ground_Point_12,SAT_29,1,01-Jan-2030 07:17:35,01-Jan-2030 07:18:15,40,NaN,NaN
Ground_Point_1,SAT_30,1,01-Jan-2030 11:15:15,01-Jan-2030 11:16:30,75,NaN,NaN
Ground_Point_2,SAT_30,1,01-Jan-2030 03:06:30,01-Jan-2030 03:07:45,75,NaN,NaN
Ground_Point_2,SAT_30,2,01-Jan-2030 20:31:10,01-Jan-2030 20:32:15,65,NaN,NaN
Ground_Point_2,SAT_30,3,01-Jan-2030 22:04:55,01-Jan-2030 22:05:50,55,NaN,NaN
Ground_Point_3,SAT_30,1,01-Jan-2030 03:06:30,01-Jan-2030 03:07:45,75,NaN,NaN
Ground_Point_3,SAT_30,2,01-Jan-2030 20:31:10,01-Jan-2030 20:32:15,65,NaN,NaN
Ground_Point_3,SAT_30,3,01-Jan-2030 22:04:55,01-Jan-2030 22:05:50,55,NaN,NaN
Ground_Point_4,SAT_30,1,01-Jan-2030 03:06:30,01-Jan-2030 03:07:45,75,NaN,NaN
Ground_Point_4,SAT_30,2,01-Jan-2030 20:31:10,01-Jan-2030 20:32:15,65,NaN,NaN
Ground_Point_4,SAT_30,3,01-Jan-2030 22:04:55,01-Jan-2030 22:05:50,55,NaN,NaN
Ground_Point_5,SAT_30,1,01-Jan-2030 03:06:30,01-Jan-2030 03:07:45,75,NaN,NaN
Ground_Point_5,SAT_30,2,01-Jan-2030 20:31:10,01-Jan-2030 20:32:15,65,NaN,NaN
Ground_Point_5,SAT_30,3,01-Jan-2030 22:04:55,01-Jan-2030 22:05:50,55,NaN,NaN
Ground_Point_6,SAT_30,1,01-Jan-2030 08:43:45,01-Jan-2030 08:45:05,80,NaN,NaN
Ground_Point_6,SAT_30,2,01-Jan-2030 18:02:40,01-Jan-2030 18:02:50,10,NaN,NaN
Ground_Point_7,SAT_30,1,01-Jan-2030 04:38:05,01-Jan-2030 04:39:25,80,NaN,NaN
Ground_Point_9,SAT_30,1,01-Jan-2030 06:23:55,01-Jan-2030 06:25:10,75,NaN,NaN
Ground_Point_9,SAT_30,2,01-Jan-2030 15:39:00,01-Jan-2030 15:39:50,50,NaN,NaN
Ground_Point_10,SAT_30,1,01-Jan-2030 05:27:55,01-Jan-2030 05:29:15,80,NaN,NaN
Ground_Point_10,SAT_30,2,01-Jan-2030 22:52:40,01-Jan-2030 22:54:00,80,NaN,NaN
Ground_Point_2,SAT_31,1,01-Jan-2030 02:43:15,01-Jan-2030 02:44:20,65,NaN,NaN
Ground_Point_2,SAT_31,2,01-Jan-2030 04:17:05,01-Jan-2030 04:17:55,50,NaN,NaN
Ground_Point_2,SAT_31,3,01-Jan-2030 20:08:10,01-Jan-2030 20:08:35,25,NaN,NaN
Ground_Point_2,SAT_31,4,01-Jan-2030 21:41:30,01-Jan-2030 21:42:40,70,NaN,NaN
Ground_Point_3,SAT_31,1,01-Jan-2030 02:43:15,01-Jan-2030 02:44:20,65,NaN,NaN
Ground_Point_3,SAT_31,2,01-Jan-2030 04:17:05,01-Jan-2030 04:17:55,50,NaN,NaN
Ground_Point_3,SAT_31,3,01-Jan-2030 20:08:10,01-Jan-2030 20:08:35,25,NaN,NaN
Ground_Point_3,SAT_31,4,01-Jan-2030 21:41:30,01-Jan-2030 21:42:40,70,NaN,NaN
Ground_Point_4,SAT_31,1,01-Jan-2030 02:43:15,01-Jan-2030 02:44:20,65,NaN,NaN
Ground_Point_4,SAT_31,2,01-Jan-2030 04:17:05,01-Jan-2030 04:17:55,50,NaN,NaN
Ground_Point_4,SAT_31,3,01-Jan-2030 20:08:10,01-Jan-2030 20:08:35,25,NaN,NaN
Ground_Point_4,SAT_31,4,01-Jan-2030 21:41:30,01-Jan-2030 21:42:40,70,NaN,NaN
Ground_Point_5,SAT_31,1,01-Jan-2030 02:43:15,01-Jan-2030 02:44:20,65,NaN,NaN
Ground_Point_5,SAT_31,2,01-Jan-2030 04:17:05,01-Jan-2030 04:17:55,50,NaN,NaN
Ground_Point_5,SAT_31,3,01-Jan-2030 20:08:10,01-Jan-2030 20:08:35,25,NaN,NaN
Ground_Point_5,SAT_31,4,01-Jan-2030 21:41:30,01-Jan-2030 21:42:40,70,NaN,NaN
Ground_Point_6,SAT_31,1,01-Jan-2030 08:20:40,01-Jan-2030 08:21:25,45,NaN,NaN
Ground_Point_6,SAT_31,2,01-Jan-2030 17:38:45,01-Jan-2030 17:40:00,75,NaN,NaN
Ground_Point_7,SAT_31,1,01-Jan-2030 04:14:55,01-Jan-2030 04:16:00,65,NaN,NaN
Ground_Point_8,SAT_31,1,01-Jan-2030 05:59:25,01-Jan-2030 06:00:15,50,NaN,NaN
Ground_Point_8,SAT_31,2,01-Jan-2030 15:16:05,01-Jan-2030 15:16:45,40,NaN,NaN
Ground_Point_9,SAT_31,1,01-Jan-2030 06:00:45,01-Jan-2030 06:01:40,55,NaN,NaN
Ground_Point_10,SAT_31,1,01-Jan-2030 05:04:40,01-Jan-2030 05:05:55,75,NaN,NaN
Ground_Point_10,SAT_31,2,01-Jan-2030 22:29:25,01-Jan-2030 22:30:40,75,NaN,NaN
Ground_Point_1,SAT_32,1,01-Jan-2030 22:36:40,01-Jan-2030 22:37:20,40,NaN,NaN
Ground_Point_2,SAT_32,1,01-Jan-2030 02:20:05,01-Jan-2030 02:20:55,50,NaN,NaN
Ground_Point_2,SAT_32,2,01-Jan-2030 03:53:30,01-Jan-2030 03:54:45,75,NaN,NaN
Ground_Point_2,SAT_32,3,01-Jan-2030 21:18:10,01-Jan-2030 21:19:25,75,NaN,NaN
Ground_Point_3,SAT_32,1,01-Jan-2030 02:20:05,01-Jan-2030 02:20:55,50,NaN,NaN
Ground_Point_3,SAT_32,2,01-Jan-2030 03:53:30,01-Jan-2030 03:54:45,75,NaN,NaN
Ground_Point_3,SAT_32,3,01-Jan-2030 21:18:10,01-Jan-2030 21:19:25,75,NaN,NaN
Ground_Point_4,SAT_32,1,01-Jan-2030 02:20:05,01-Jan-2030 02:20:55,50,NaN,NaN
Ground_Point_4,SAT_32,2,01-Jan-2030 03:53:30,01-Jan-2030 03:54:45,75,NaN,NaN
Ground_Point_4,SAT_32,3,01-Jan-2030 21:18:10,01-Jan-2030 21:19:25,75,NaN,NaN
Ground_Point_5,SAT_32,1,01-Jan-2030 02:20:05,01-Jan-2030 02:20:55,50,NaN,NaN
Ground_Point_5,SAT_32,2,01-Jan-2030 03:53:30,01-Jan-2030 03:54:45,75,NaN,NaN
Ground_Point_5,SAT_32,3,01-Jan-2030 21:18:10,01-Jan-2030 21:19:25,75,NaN,NaN
Ground_Point_6,SAT_32,1,01-Jan-2030 09:31:10,01-Jan-2030 09:31:30,20,NaN,NaN
Ground_Point_6,SAT_32,2,01-Jan-2030 17:15:25,01-Jan-2030 17:16:40,75,NaN,NaN
Ground_Point_7,SAT_32,1,01-Jan-2030 19:46:15,01-Jan-2030 19:47:30,75,NaN,NaN
Ground_Point_8,SAT_32,1,01-Jan-2030 05:35:50,01-Jan-2030 05:37:10,80,NaN,NaN
Ground_Point_8,SAT_32,2,01-Jan-2030 14:52:25,01-Jan-2030 14:53:45,80,NaN,NaN
Ground_Point_10,SAT_32,1,01-Jan-2030 00:01:35,01-Jan-2030 00:02:20,45,NaN,NaN
Ground_Point_10,SAT_32,2,01-Jan-2030 04:41:25,01-Jan-2030 04:42:30,65,NaN,NaN
Ground_Point_10,SAT_32,3,01-Jan-2030 06:15:10,01-Jan-2030 06:16:05,55,NaN,NaN
Ground_Point_10,SAT_32,4,01-Jan-2030 22:06:15,01-Jan-2030 22:07:05,50,NaN,NaN
Ground_Point_10,SAT_32,5,01-Jan-2030 23:39:50,01-Jan-2030 23:40:55,65,NaN,NaN
Ground_Point_11,SAT_32,1,01-Jan-2030 12:45:30,01-Jan-2030 12:46:50,80,NaN,NaN
Ground_Point_11,SAT_32,2,01-Jan-2030 23:28:10,01-Jan-2030 23:29:15,65,NaN,NaN
Ground_Point_12,SAT_32,1,01-Jan-2030 07:41:05,01-Jan-2030 07:42:00,55,NaN,NaN
Ground_Point_12,SAT_32,2,01-Jan-2030 20:40:00,01-Jan-2030 20:41:15,75,NaN,NaN
Ground_Point_1,SAT_33,1,01-Jan-2030 13:13:20,01-Jan-2030 13:14:40,80,NaN,NaN
Ground_Point_2,SAT_33,1,01-Jan-2030 00:24:50,01-Jan-2030 00:25:25,35,NaN,NaN
Ground_Point_2,SAT_33,2,01-Jan-2030 05:04:35,01-Jan-2030 05:05:50,75,NaN,NaN
Ground_Point_2,SAT_33,3,01-Jan-2030 22:29:20,01-Jan-2030 22:30:20,60,NaN,NaN
Ground_Point_3,SAT_33,1,01-Jan-2030 00:24:50,01-Jan-2030 00:25:25,35,NaN,NaN
Ground_Point_3,SAT_33,2,01-Jan-2030 05:04:35,01-Jan-2030 05:05:50,75,NaN,NaN
Ground_Point_3,SAT_33,3,01-Jan-2030 22:29:20,01-Jan-2030 22:30:20,60,NaN,NaN
Ground_Point_4,SAT_33,1,01-Jan-2030 00:24:50,01-Jan-2030 00:25:25,35,NaN,NaN
Ground_Point_4,SAT_33,2,01-Jan-2030 05:04:35,01-Jan-2030 05:05:50,75,NaN,NaN
Ground_Point_4,SAT_33,3,01-Jan-2030 22:29:20,01-Jan-2030 22:30:20,60,NaN,NaN
Ground_Point_5,SAT_33,1,01-Jan-2030 00:24:50,01-Jan-2030 00:25:25,35,NaN,NaN
Ground_Point_5,SAT_33,2,01-Jan-2030 05:04:35,01-Jan-2030 05:05:50,75,NaN,NaN
Ground_Point_5,SAT_33,3,01-Jan-2030 22:29:20,01-Jan-2030 22:30:20,60,NaN,NaN
Ground_Point_6,SAT_33,1,01-Jan-2030 10:41:50,01-Jan-2030 10:43:10,80,NaN,NaN
Ground_Point_6,SAT_33,2,01-Jan-2030 20:00:40,01-Jan-2030 20:01:00,20,NaN,NaN
Ground_Point_7,SAT_33,1,01-Jan-2030 06:36:10,01-Jan-2030 06:37:30,80,NaN,NaN
Ground_Point_9,SAT_33,1,01-Jan-2030 08:22:00,01-Jan-2030 08:23:20,80,NaN,NaN
Ground_Point_9,SAT_33,2,01-Jan-2030 17:37:05,01-Jan-2030 17:37:55,50,NaN,NaN
Ground_Point_10,SAT_33,1,01-Jan-2030 01:12:30,01-Jan-2030 01:13:50,80,NaN,NaN
Ground_Point_10,SAT_33,2,01-Jan-2030 07:26:00,01-Jan-2030 07:27:20,80,NaN,NaN
Ground_Point_11,SAT_33,1,01-Jan-2030 01:01:20,01-Jan-2030 01:01:45,25,NaN,NaN
Ground_Point_2,SAT_34,1,01-Jan-2030 00:01:20,01-Jan-2030 00:02:20,60,NaN,NaN
Ground_Point_2,SAT_34,2,01-Jan-2030 04:41:20,01-Jan-2030 04:42:30,70,NaN,NaN
Ground_Point_2,SAT_34,3,01-Jan-2030 06:15:10,01-Jan-2030 06:16:00,50,NaN,NaN
Ground_Point_2,SAT_34,4,01-Jan-2030 22:06:20,01-Jan-2030 22:06:35,15,NaN,NaN
Ground_Point_2,SAT_34,5,01-Jan-2030 23:39:35,01-Jan-2030 23:40:50,75,NaN,NaN
Ground_Point_3,SAT_34,1,01-Jan-2030 00:01:20,01-Jan-2030 00:02:20,60,NaN,NaN
Ground_Point_3,SAT_34,2,01-Jan-2030 04:41:20,01-Jan-2030 04:42:30,70,NaN,NaN
Ground_Point_3,SAT_34,3,01-Jan-2030 06:15:10,01-Jan-2030 06:16:00,50,NaN,NaN
Ground_Point_3,SAT_34,4,01-Jan-2030 22:06:20,01-Jan-2030 22:06:35,15,NaN,NaN
Ground_Point_3,SAT_34,5,01-Jan-2030 23:39:35,01-Jan-2030 23:40:50,75,NaN,NaN
Ground_Point_4,SAT_34,1,01-Jan-2030 00:01:20,01-Jan-2030 00:02:20,60,NaN,NaN
Ground_Point_4,SAT_34,2,01-Jan-2030 04:41:20,01-Jan-2030 04:42:30,70,NaN,NaN
Ground_Point_4,SAT_34,3,01-Jan-2030 06:15:10,01-Jan-2030 06:16:00,50,NaN,NaN
Ground_Point_4,SAT_34,4,01-Jan-2030 22:06:20,01-Jan-2030 22:06:35,15,NaN,NaN
Ground_Point_4,SAT_34,5,01-Jan-2030 23:39:35,01-Jan-2030 23:40:50,75,NaN,NaN
Ground_Point_5,SAT_34,1,01-Jan-2030 00:01:20,01-Jan-2030 00:02:20,60,NaN,NaN
Ground_Point_5,SAT_34,2,01-Jan-2030 04:41:20,01-Jan-2030 04:42:30,70,NaN,NaN
Ground_Point_5,SAT_34,3,01-Jan-2030 06:15:10,01-Jan-2030 06:16:00,50,NaN,NaN
Ground_Point_5,SAT_34,4,01-Jan-2030 22:06:20,01-Jan-2030 22:06:35,15,NaN,NaN
Ground_Point_5,SAT_34,5,01-Jan-2030 23:39:35,01-Jan-2030 23:40:50,75,NaN,NaN
Ground_Point_6,SAT_34,1,01-Jan-2030 10:18:50,01-Jan-2030 10:19:25,35,NaN,NaN
Ground_Point_6,SAT_34,2,01-Jan-2030 19:36:50,01-Jan-2030 19:38:05,75,NaN,NaN
Ground_Point_7,SAT_34,1,01-Jan-2030 06:13:00,01-Jan-2030 06:14:05,65,NaN,NaN
Ground_Point_7,SAT_34,2,01-Jan-2030 22:08:10,01-Jan-2030 22:08:20,10,NaN,NaN
Ground_Point_8,SAT_34,1,01-Jan-2030 07:57:25,01-Jan-2030 07:58:25,60,NaN,NaN
Ground_Point_8,SAT_34,2,01-Jan-2030 17:14:10,01-Jan-2030 17:14:55,45,NaN,NaN
Ground_Point_9,SAT_34,1,01-Jan-2030 07:58:55,01-Jan-2030 07:59:45,50,NaN,NaN
Ground_Point_10,SAT_34,1,01-Jan-2030 00:49:10,01-Jan-2030 00:50:30,80,NaN,NaN
Ground_Point_10,SAT_34,2,01-Jan-2030 07:02:45,01-Jan-2030 07:04:00,75,NaN,NaN
Ground_Point_2,SAT_35,1,01-Jan-2030 04:18:15,01-Jan-2030 04:19:00,45,NaN,NaN
Ground_Point_2,SAT_35,2,01-Jan-2030 05:51:35,01-Jan-2030 05:52:50,75,NaN,NaN
Ground_Point_2,SAT_35,3,01-Jan-2030 23:16:15,01-Jan-2030 23:17:35,80,NaN,NaN
Ground_Point_3,SAT_35,1,01-Jan-2030 04:18:15,01-Jan-2030 04:19:00,45,NaN,NaN
Ground_Point_3,SAT_35,2,01-Jan-2030 05:51:35,01-Jan-2030 05:52:50,75,NaN,NaN
Ground_Point_3,SAT_35,3,01-Jan-2030 23:16:15,01-Jan-2030 23:17:35,80,NaN,NaN
Ground_Point_4,SAT_35,1,01-Jan-2030 04:18:15,01-Jan-2030 04:19:00,45,NaN,NaN
Ground_Point_4,SAT_35,2,01-Jan-2030 05:51:35,01-Jan-2030 05:52:50,75,NaN,NaN
Ground_Point_4,SAT_35,3,01-Jan-2030 23:16:15,01-Jan-2030 23:17:35,80,NaN,NaN
Ground_Point_5,SAT_35,1,01-Jan-2030 04:18:15,01-Jan-2030 04:19:00,45,NaN,NaN
Ground_Point_5,SAT_35,2,01-Jan-2030 05:51:35,01-Jan-2030 05:52:50,75,NaN,NaN
Ground_Point_5,SAT_35,3,01-Jan-2030 23:16:15,01-Jan-2030 23:17:35,80,NaN,NaN
Ground_Point_6,SAT_35,1,01-Jan-2030 11:29:10,01-Jan-2030 11:29:45,35,NaN,NaN
Ground_Point_6,SAT_35,2,01-Jan-2030 19:13:30,01-Jan-2030 19:14:45,75,NaN,NaN
Ground_Point_7,SAT_35,1,01-Jan-2030 21:44:20,01-Jan-2030 21:45:35,75,NaN,NaN
Ground_Point_8,SAT_35,1,01-Jan-2030 07:34:00,01-Jan-2030 07:35:15,75,NaN,NaN
Ground_Point_8,SAT_35,2,01-Jan-2030 16:50:30,01-Jan-2030 16:51:50,80,NaN,NaN
Ground_Point_9,SAT_35,1,01-Jan-2030 18:24:25,01-Jan-2030 18:24:35,10,NaN,NaN
Ground_Point_10,SAT_35,1,01-Jan-2030 00:25:55,01-Jan-2030 00:27:05,70,NaN,NaN
Ground_Point_10,SAT_35,2,01-Jan-2030 01:59:40,01-Jan-2030 02:00:30,50,NaN,NaN
Ground_Point_10,SAT_35,3,01-Jan-2030 06:39:30,01-Jan-2030 06:40:35,65,NaN,NaN
Ground_Point_10,SAT_35,4,01-Jan-2030 08:13:15,01-Jan-2030 08:14:10,55,NaN,NaN
Ground_Point_11,SAT_35,1,01-Jan-2030 14:43:35,01-Jan-2030 14:44:55,80,NaN,NaN
Ground_Point_12,SAT_35,1,01-Jan-2030 09:39:05,01-Jan-2030 09:40:10,65,NaN,NaN
Ground_Point_12,SAT_35,2,01-Jan-2030 22:38:05,01-Jan-2030 22:39:20,75,NaN,NaN
Ground_Point_1,SAT_36,1,01-Jan-2030 00:32:55,01-Jan-2030 00:33:55,60,NaN,NaN
Ground_Point_2,SAT_36,1,01-Jan-2030 03:55:15,01-Jan-2030 03:55:30,15,NaN,NaN
Ground_Point_2,SAT_36,2,01-Jan-2030 05:28:15,01-Jan-2030 05:29:30,75,NaN,NaN
Ground_Point_2,SAT_36,3,01-Jan-2030 22:52:55,01-Jan-2030 22:54:10,75,NaN,NaN
Ground_Point_3,SAT_36,1,01-Jan-2030 03:55:15,01-Jan-2030 03:55:30,15,NaN,NaN
Ground_Point_3,SAT_36,2,01-Jan-2030 05:28:15,01-Jan-2030 05:29:30,75,NaN,NaN
Ground_Point_3,SAT_36,3,01-Jan-2030 22:52:55,01-Jan-2030 22:54:10,75,NaN,NaN
Ground_Point_4,SAT_36,1,01-Jan-2030 03:55:15,01-Jan-2030 03:55:30,15,NaN,NaN
Ground_Point_4,SAT_36,2,01-Jan-2030 05:28:15,01-Jan-2030 05:29:30,75,NaN,NaN
Ground_Point_4,SAT_36,3,01-Jan-2030 22:52:55,01-Jan-2030 22:54:10,75,NaN,NaN
Ground_Point_5,SAT_36,1,01-Jan-2030 03:55:15,01-Jan-2030 03:55:30,15,NaN,NaN
Ground_Point_5,SAT_36,2,01-Jan-2030 05:28:15,01-Jan-2030 05:29:30,75,NaN,NaN
Ground_Point_5,SAT_36,3,01-Jan-2030 22:52:55,01-Jan-2030 22:54:10,75,NaN,NaN
Ground_Point_6,SAT_36,1,01-Jan-2030 11:05:30,01-Jan-2030 11:06:45,75,NaN,NaN
Ground_Point_6,SAT_36,2,01-Jan-2030 18:50:30,01-Jan-2030 18:51:15,45,NaN,NaN
Ground_Point_7,SAT_36,1,01-Jan-2030 07:00:10,01-Jan-2030 07:00:55,45,NaN,NaN
Ground_Point_7,SAT_36,2,01-Jan-2030 21:21:05,01-Jan-2030 21:22:15,70,NaN,NaN
Ground_Point_8,SAT_36,1,01-Jan-2030 07:10:55,01-Jan-2030 07:11:35,40,NaN,NaN
Ground_Point_8,SAT_36,2,01-Jan-2030 16:27:25,01-Jan-2030 16:28:20,55,NaN,NaN
Ground_Point_9,SAT_36,1,01-Jan-2030 08:46:10,01-Jan-2030 08:46:20,10,NaN,NaN
Ground_Point_9,SAT_36,2,01-Jan-2030 18:00:30,01-Jan-2030 18:01:50,80,NaN,NaN
Ground_Point_10,SAT_36,1,01-Jan-2030 00:02:45,01-Jan-2030 00:03:25,40,NaN,NaN
Ground_Point_10,SAT_36,2,01-Jan-2030 01:36:15,01-Jan-2030 01:37:20,65,NaN,NaN
Ground_Point_10,SAT_36,3,01-Jan-2030 06:16:25,01-Jan-2030 06:17:05,40,NaN,NaN
Ground_Point_10,SAT_36,4,01-Jan-2030 07:49:45,01-Jan-2030 07:51:00,75,NaN,NaN
Ground_Point_11,SAT_36,1,01-Jan-2030 01:24:30,01-Jan-2030 01:25:45,75,NaN,NaN
Ground_Point_12,SAT_36,1,01-Jan-2030 09:16:10,01-Jan-2030 09:16:35,25,NaN,NaN
Ground_Point_2,SAT_37,1,01-Jan-2030 00:25:45,01-Jan-2030 00:26:45,60,NaN,NaN
Ground_Point_2,SAT_37,2,01-Jan-2030 01:59:25,01-Jan-2030 02:00:25,60,NaN,NaN
Ground_Point_2,SAT_37,3,01-Jan-2030 06:39:30,01-Jan-2030 06:40:35,65,NaN,NaN
Ground_Point_2,SAT_37,4,01-Jan-2030 08:13:15,01-Jan-2030 08:14:05,50,NaN,NaN
Ground_Point_3,SAT_37,1,01-Jan-2030 00:25:45,01-Jan-2030 00:26:45,60,NaN,NaN
Ground_Point_3,SAT_37,2,01-Jan-2030 01:59:25,01-Jan-2030 02:00:25,60,NaN,NaN
Ground_Point_3,SAT_37,3,01-Jan-2030 06:39:30,01-Jan-2030 06:40:35,65,NaN,NaN
Ground_Point_3,SAT_37,4,01-Jan-2030 08:13:15,01-Jan-2030 08:14:05,50,NaN,NaN
Ground_Point_4,SAT_37,1,01-Jan-2030 00:25:45,01-Jan-2030 00:26:45,60,NaN,NaN
Ground_Point_4,SAT_37,2,01-Jan-2030 01:59:25,01-Jan-2030 02:00:25,60,NaN,NaN
Ground_Point_4,SAT_37,3,01-Jan-2030 06:39:30,01-Jan-2030 06:40:35,65,NaN,NaN
Ground_Point_4,SAT_37,4,01-Jan-2030 08:13:15,01-Jan-2030 08:14:05,50,NaN,NaN
Ground_Point_5,SAT_37,1,01-Jan-2030 00:25:45,01-Jan-2030 00:26:45,60,NaN,NaN
Ground_Point_5,SAT_37,2,01-Jan-2030 01:59:25,01-Jan-2030 02:00:25,60,NaN,NaN
Ground_Point_5,SAT_37,3,01-Jan-2030 06:39:30,01-Jan-2030 06:40:35,65,NaN,NaN
Ground_Point_5,SAT_37,4,01-Jan-2030 08:13:15,01-Jan-2030 08:14:05,50,NaN,NaN
Ground_Point_6,SAT_37,1,01-Jan-2030 12:17:00,01-Jan-2030 12:17:25,25,NaN,NaN
Ground_Point_6,SAT_37,2,01-Jan-2030 21:34:55,01-Jan-2030 21:36:10,75,NaN,NaN
Ground_Point_7,SAT_37,1,01-Jan-2030 08:11:05,01-Jan-2030 08:12:10,65,NaN,NaN
Ground_Point_8,SAT_37,1,01-Jan-2030 09:55:30,01-Jan-2030 09:56:35,65,NaN,NaN
Ground_Point_8,SAT_37,2,01-Jan-2030 19:12:10,01-Jan-2030 19:13:00,50,NaN,NaN
Ground_Point_9,SAT_37,1,01-Jan-2030 09:57:05,01-Jan-2030 09:57:45,40,NaN,NaN
Ground_Point_10,SAT_37,1,01-Jan-2030 02:47:15,01-Jan-2030 02:48:35,80,NaN,NaN
Ground_Point_10,SAT_37,2,01-Jan-2030 04:21:20,01-Jan-2030 04:21:30,10,NaN,NaN
Ground_Point_10,SAT_37,3,01-Jan-2030 09:00:50,01-Jan-2030 09:02:05,75,NaN,NaN
Ground_Point_2,SAT_38,1,01-Jan-2030 01:36:00,01-Jan-2030 01:37:15,75,NaN,NaN
Ground_Point_2,SAT_38,2,01-Jan-2030 06:16:20,01-Jan-2030 06:17:05,45,NaN,NaN
Ground_Point_2,SAT_38,3,01-Jan-2030 07:49:40,01-Jan-2030 07:50:55,75,NaN,NaN
Ground_Point_3,SAT_38,1,01-Jan-2030 01:36:00,01-Jan-2030 01:37:15,75,NaN,NaN
Ground_Point_3,SAT_38,2,01-Jan-2030 06:16:20,01-Jan-2030 06:17:05,45,NaN,NaN
Ground_Point_3,SAT_38,3,01-Jan-2030 07:49:40,01-Jan-2030 07:50:55,75,NaN,NaN
Ground_Point_4,SAT_38,1,01-Jan-2030 01:36:00,01-Jan-2030 01:37:15,75,NaN,NaN
Ground_Point_4,SAT_38,2,01-Jan-2030 06:16:20,01-Jan-2030 06:17:05,45,NaN,NaN
Ground_Point_4,SAT_38,3,01-Jan-2030 07:49:40,01-Jan-2030 07:50:55,75,NaN,NaN
Ground_Point_5,SAT_38,1,01-Jan-2030 01:36:00,01-Jan-2030 01:37:15,75,NaN,NaN
Ground_Point_5,SAT_38,2,01-Jan-2030 06:16:20,01-Jan-2030 06:17:05,45,NaN,NaN
Ground_Point_5,SAT_38,3,01-Jan-2030 07:49:40,01-Jan-2030 07:50:55,75,NaN,NaN
Ground_Point_6,SAT_38,1,01-Jan-2030 13:27:10,01-Jan-2030 13:27:55,45,NaN,NaN
Ground_Point_6,SAT_38,2,01-Jan-2030 21:11:35,01-Jan-2030 21:12:50,75,NaN,NaN
Ground_Point_7,SAT_38,1,01-Jan-2030 00:04:25,01-Jan-2030 00:05:00,35,NaN,NaN
Ground_Point_7,SAT_38,2,01-Jan-2030 23:42:25,01-Jan-2030 23:43:40,75,NaN,NaN
Ground_Point_8,SAT_38,1,01-Jan-2030 09:32:05,01-Jan-2030 09:33:20,75,NaN,NaN
Ground_Point_8,SAT_38,2,01-Jan-2030 18:48:35,01-Jan-2030 18:49:55,80,NaN,NaN
Ground_Point_9,SAT_38,1,01-Jan-2030 20:22:20,01-Jan-2030 20:22:50,30,NaN,NaN
Ground_Point_10,SAT_38,1,01-Jan-2030 02:24:00,01-Jan-2030 02:25:05,65,NaN,NaN
Ground_Point_10,SAT_38,2,01-Jan-2030 03:57:45,01-Jan-2030 03:58:35,50,NaN,NaN
Ground_Point_10,SAT_38,3,01-Jan-2030 08:37:40,01-Jan-2030 08:38:40,60,NaN,NaN
Ground_Point_10,SAT_38,4,01-Jan-2030 10:11:20,01-Jan-2030 10:12:15,55,NaN,NaN
Ground_Point_11,SAT_38,1,01-Jan-2030 16:41:45,01-Jan-2030 16:43:00,75,NaN,NaN
Ground_Point_12,SAT_38,1,01-Jan-2030 11:37:10,01-Jan-2030 11:38:20,70,NaN,NaN
Ground_Point_1,SAT_39,1,01-Jan-2030 02:30:55,01-Jan-2030 02:32:05,70,NaN,NaN
Ground_Point_2,SAT_39,1,01-Jan-2030 01:12:40,01-Jan-2030 01:14:00,80,NaN,NaN
Ground_Point_2,SAT_39,2,01-Jan-2030 05:53:20,01-Jan-2030 05:53:35,15,NaN,NaN
Ground_Point_2,SAT_39,3,01-Jan-2030 07:26:20,01-Jan-2030 07:27:40,80,NaN,NaN
Ground_Point_3,SAT_39,1,01-Jan-2030 01:12:40,01-Jan-2030 01:14:00,80,NaN,NaN
Ground_Point_3,SAT_39,2,01-Jan-2030 05:53:20,01-Jan-2030 05:53:35,15,NaN,NaN
Ground_Point_3,SAT_39,3,01-Jan-2030 07:26:20,01-Jan-2030 07:27:40,80,NaN,NaN
Ground_Point_4,SAT_39,1,01-Jan-2030 01:12:40,01-Jan-2030 01:14:00,80,NaN,NaN
Ground_Point_4,SAT_39,2,01-Jan-2030 05:53:20,01-Jan-2030 05:53:35,15,NaN,NaN
Ground_Point_4,SAT_39,3,01-Jan-2030 07:26:20,01-Jan-2030 07:27:40,80,NaN,NaN
Ground_Point_5,SAT_39,1,01-Jan-2030 01:12:40,01-Jan-2030 01:14:00,80,NaN,NaN
Ground_Point_5,SAT_39,2,01-Jan-2030 05:53:20,01-Jan-2030 05:53:35,15,NaN,NaN
Ground_Point_5,SAT_39,3,01-Jan-2030 07:26:20,01-Jan-2030 07:27:40,80,NaN,NaN
Ground_Point_6,SAT_39,1,01-Jan-2030 13:03:35,01-Jan-2030 13:04:55,80,NaN,NaN
Ground_Point_6,SAT_39,2,01-Jan-2030 20:48:40,01-Jan-2030 20:49:15,35,NaN,NaN
Ground_Point_7,SAT_39,1,01-Jan-2030 08:58:15,01-Jan-2030 08:59:00,45,NaN,NaN
Ground_Point_7,SAT_39,2,01-Jan-2030 23:19:10,01-Jan-2030 23:20:20,70,NaN,NaN
Ground_Point_8,SAT_39,1,01-Jan-2030 09:09:05,01-Jan-2030 09:09:35,30,NaN,NaN
Ground_Point_8,SAT_39,2,01-Jan-2030 18:25:30,01-Jan-2030 18:26:25,55,NaN,NaN
Ground_Point_9,SAT_39,1,01-Jan-2030 10:44:05,01-Jan-2030 10:44:35,30,NaN,NaN
Ground_Point_9,SAT_39,2,01-Jan-2030 19:58:35,01-Jan-2030 19:59:55,80,NaN,NaN
Ground_Point_10,SAT_39,1,01-Jan-2030 02:00:55,01-Jan-2030 02:01:25,30,NaN,NaN
Ground_Point_10,SAT_39,2,01-Jan-2030 03:34:20,01-Jan-2030 03:35:25,65,NaN,NaN
Ground_Point_10,SAT_39,3,01-Jan-2030 08:14:35,01-Jan-2030 08:15:10,35,NaN,NaN
Ground_Point_10,SAT_39,4,01-Jan-2030 09:47:50,01-Jan-2030 09:49:05,75,NaN,NaN
Ground_Point_11,SAT_39,1,01-Jan-2030 03:22:35,01-Jan-2030 03:23:50,75,NaN,NaN
Ground_Point_12,SAT_39,1,01-Jan-2030 00:34:30,01-Jan-2030 00:35:45,75,NaN,NaN
Ground_Point_1,SAT_40,1,01-Jan-2030 15:11:50,01-Jan-2030 15:13:05,75,NaN,NaN
Ground_Point_2,SAT_40,1,01-Jan-2030 00:49:20,01-Jan-2030 00:50:35,75,NaN,NaN
Ground_Point_2,SAT_40,2,01-Jan-2030 02:23:10,01-Jan-2030 02:23:55,45,NaN,NaN
Ground_Point_2,SAT_40,3,01-Jan-2030 07:03:00,01-Jan-2030 07:04:15,75,NaN,NaN
Ground_Point_3,SAT_40,1,01-Jan-2030 00:49:20,01-Jan-2030 00:50:35,75,NaN,NaN
Ground_Point_3,SAT_40,2,01-Jan-2030 02:23:10,01-Jan-2030 02:23:55,45,NaN,NaN
Ground_Point_3,SAT_40,3,01-Jan-2030 07:03:00,01-Jan-2030 07:04:15,75,NaN,NaN
Ground_Point_4,SAT_40,1,01-Jan-2030 00:49:20,01-Jan-2030 00:50:35,75,NaN,NaN
Ground_Point_4,SAT_40,2,01-Jan-2030 02:23:10,01-Jan-2030 02:23:55,45,NaN,NaN
Ground_Point_4,SAT_40,3,01-Jan-2030 07:03:00,01-Jan-2030 07:04:15,75,NaN,NaN
Ground_Point_5,SAT_40,1,01-Jan-2030 00:49:20,01-Jan-2030 00:50:35,75,NaN,NaN
Ground_Point_5,SAT_40,2,01-Jan-2030 02:23:10,01-Jan-2030 02:23:55,45,NaN,NaN
Ground_Point_5,SAT_40,3,01-Jan-2030 07:03:00,01-Jan-2030 07:04:15,75,NaN,NaN
Ground_Point_6,SAT_40,1,01-Jan-2030 12:40:20,01-Jan-2030 12:41:35,75,NaN,NaN
Ground_Point_6,SAT_40,2,01-Jan-2030 21:59:00,01-Jan-2030 21:59:30,30,NaN,NaN
Ground_Point_7,SAT_40,1,01-Jan-2030 08:34:35,01-Jan-2030 08:35:55,80,NaN,NaN
Ground_Point_9,SAT_40,1,01-Jan-2030 10:20:25,01-Jan-2030 10:21:45,80,NaN,NaN
Ground_Point_9,SAT_40,2,01-Jan-2030 19:35:35,01-Jan-2030 19:36:20,45,NaN,NaN
Ground_Point_10,SAT_40,1,01-Jan-2030 03:10:55,01-Jan-2030 03:12:15,80,NaN,NaN
Ground_Point_10,SAT_40,2,01-Jan-2030 09:24:25,01-Jan-2030 09:25:45,80,NaN,NaN
Ground_Point_2,SAT_41,1,01-Jan-2030 03:34:05,01-Jan-2030 03:35:20,75,NaN,NaN
Ground_Point_2,SAT_41,2,01-Jan-2030 08:14:25,01-Jan-2030 08:15:10,45,NaN,NaN
Ground_Point_2,SAT_41,3,01-Jan-2030 09:47:45,01-Jan-2030 09:49:00,75,NaN,NaN
Ground_Point_3,SAT_41,1,01-Jan-2030 03:34:05,01-Jan-2030 03:35:20,75,NaN,NaN
Ground_Point_3,SAT_41,2,01-Jan-2030 08:14:25,01-Jan-2030 08:15:10,45,NaN,NaN
Ground_Point_3,SAT_41,3,01-Jan-2030 09:47:45,01-Jan-2030 09:49:00,75,NaN,NaN
Ground_Point_4,SAT_41,1,01-Jan-2030 03:34:05,01-Jan-2030 03:35:20,75,NaN,NaN
Ground_Point_4,SAT_41,2,01-Jan-2030 08:14:25,01-Jan-2030 08:15:10,45,NaN,NaN
Ground_Point_4,SAT_41,3,01-Jan-2030 09:47:45,01-Jan-2030 09:49:00,75,NaN,NaN
Ground_Point_5,SAT_41,1,01-Jan-2030 03:34:05,01-Jan-2030 03:35:20,75,NaN,NaN
Ground_Point_5,SAT_41,2,01-Jan-2030 08:14:25,01-Jan-2030 08:15:10,45,NaN,NaN
Ground_Point_5,SAT_41,3,01-Jan-2030 09:47:45,01-Jan-2030 09:49:00,75,NaN,NaN
Ground_Point_6,SAT_41,1,01-Jan-2030 15:25:15,01-Jan-2030 15:26:00,45,NaN,NaN
Ground_Point_6,SAT_41,2,01-Jan-2030 23:09:45,01-Jan-2030 23:10:55,70,NaN,NaN
Ground_Point_7,SAT_41,1,01-Jan-2030 02:02:25,01-Jan-2030 02:03:10,45,NaN,NaN
Ground_Point_8,SAT_41,1,01-Jan-2030 11:30:10,01-Jan-2030 11:31:25,75,NaN,NaN
Ground_Point_8,SAT_41,2,01-Jan-2030 20:46:40,01-Jan-2030 20:48:00,80,NaN,NaN
Ground_Point_9,SAT_41,1,01-Jan-2030 22:20:20,01-Jan-2030 22:21:00,40,NaN,NaN
Ground_Point_10,SAT_41,1,01-Jan-2030 04:22:05,01-Jan-2030 04:23:10,65,NaN,NaN
Ground_Point_10,SAT_41,2,01-Jan-2030 05:55:50,01-Jan-2030 05:56:40,50,NaN,NaN
Ground_Point_10,SAT_41,3,01-Jan-2030 10:35:45,01-Jan-2030 10:36:45,60,NaN,NaN
Ground_Point_10,SAT_41,4,01-Jan-2030 12:09:25,01-Jan-2030 12:10:20,55,NaN,NaN
Ground_Point_11,SAT_41,1,01-Jan-2030 18:39:50,01-Jan-2030 18:41:05,75,NaN,NaN
Ground_Point_12,SAT_41,1,01-Jan-2030 13:35:15,01-Jan-2030 13:36:25,70,NaN,NaN
Ground_Point_1,SAT_42,1,01-Jan-2030 04:29:00,01-Jan-2030 04:30:15,75,NaN,NaN
Ground_Point_2,SAT_42,1,01-Jan-2030 03:10:45,01-Jan-2030 03:12:05,80,NaN,NaN
Ground_Point_2,SAT_42,2,01-Jan-2030 09:24:25,01-Jan-2030 09:25:45,80,NaN,NaN
Ground_Point_3,SAT_42,1,01-Jan-2030 03:10:45,01-Jan-2030 03:12:05,80,NaN,NaN
Ground_Point_3,SAT_42,2,01-Jan-2030 09:24:25,01-Jan-2030 09:25:45,80,NaN,NaN
Ground_Point_4,SAT_42,1,01-Jan-2030 03:10:45,01-Jan-2030 03:12:05,80,NaN,NaN
Ground_Point_4,SAT_42,2,01-Jan-2030 09:24:25,01-Jan-2030 09:25:45,80,NaN,NaN
Ground_Point_5,SAT_42,1,01-Jan-2030 03:10:45,01-Jan-2030 03:12:05,80,NaN,NaN
Ground_Point_5,SAT_42,2,01-Jan-2030 09:24:25,01-Jan-2030 09:25:45,80,NaN,NaN
Ground_Point_6,SAT_42,1,01-Jan-2030 15:01:40,01-Jan-2030 15:03:00,80,NaN,NaN
Ground_Point_6,SAT_42,2,01-Jan-2030 22:46:50,01-Jan-2030 22:47:15,25,NaN,NaN
Ground_Point_7,SAT_42,1,01-Jan-2030 01:38:50,01-Jan-2030 01:40:10,80,NaN,NaN
Ground_Point_7,SAT_42,2,01-Jan-2030 10:56:15,01-Jan-2030 10:57:10,55,NaN,NaN
Ground_Point_8,SAT_42,1,01-Jan-2030 11:07:20,01-Jan-2030 11:07:35,15,NaN,NaN
Ground_Point_8,SAT_42,2,01-Jan-2030 20:23:40,01-Jan-2030 20:24:25,45,NaN,NaN
Ground_Point_9,SAT_42,1,01-Jan-2030 12:42:10,01-Jan-2030 12:42:50,40,NaN,NaN
Ground_Point_9,SAT_42,2,01-Jan-2030 21:56:40,01-Jan-2030 21:58:00,80,NaN,NaN
Ground_Point_10,SAT_42,1,01-Jan-2030 03:59:05,01-Jan-2030 03:59:30,25,NaN,NaN
Ground_Point_10,SAT_42,2,01-Jan-2030 05:32:25,01-Jan-2030 05:33:35,70,NaN,NaN
Ground_Point_10,SAT_42,3,01-Jan-2030 10:12:40,01-Jan-2030 10:13:15,35,NaN,NaN
Ground_Point_10,SAT_42,4,01-Jan-2030 11:45:55,01-Jan-2030 11:47:10,75,NaN,NaN
Ground_Point_11,SAT_42,1,01-Jan-2030 05:20:40,01-Jan-2030 05:22:00,80,NaN,NaN
Ground_Point_12,SAT_42,1,01-Jan-2030 02:32:40,01-Jan-2030 02:33:50,70,NaN,NaN
Ground_Point_1,SAT_43,1,01-Jan-2030 17:09:55,01-Jan-2030 17:11:10,75,NaN,NaN
Ground_Point_2,SAT_43,1,01-Jan-2030 02:47:25,01-Jan-2030 02:48:40,75,NaN,NaN
Ground_Point_2,SAT_43,2,01-Jan-2030 04:21:15,01-Jan-2030 04:22:00,45,NaN,NaN
Ground_Point_2,SAT_43,3,01-Jan-2030 09:01:05,01-Jan-2030 09:02:20,75,NaN,NaN
Ground_Point_3,SAT_43,1,01-Jan-2030 02:47:25,01-Jan-2030 02:48:40,75,NaN,NaN
Ground_Point_3,SAT_43,2,01-Jan-2030 04:21:15,01-Jan-2030 04:22:00,45,NaN,NaN
Ground_Point_3,SAT_43,3,01-Jan-2030 09:01:05,01-Jan-2030 09:02:20,75,NaN,NaN
Ground_Point_4,SAT_43,1,01-Jan-2030 02:47:25,01-Jan-2030 02:48:40,75,NaN,NaN
Ground_Point_4,SAT_43,2,01-Jan-2030 04:21:15,01-Jan-2030 04:22:00,45,NaN,NaN
Ground_Point_4,SAT_43,3,01-Jan-2030 09:01:05,01-Jan-2030 09:02:20,75,NaN,NaN
Ground_Point_5,SAT_43,1,01-Jan-2030 02:47:25,01-Jan-2030 02:48:40,75,NaN,NaN
Ground_Point_5,SAT_43,2,01-Jan-2030 04:21:15,01-Jan-2030 04:22:00,45,NaN,NaN
Ground_Point_5,SAT_43,3,01-Jan-2030 09:01:05,01-Jan-2030 09:02:20,75,NaN,NaN
Ground_Point_6,SAT_43,1,01-Jan-2030 14:38:25,01-Jan-2030 14:39:40,75,NaN,NaN
Ground_Point_6,SAT_43,2,01-Jan-2030 23:57:00,01-Jan-2030 23:57:40,40,NaN,NaN
Ground_Point_7,SAT_43,1,01-Jan-2030 01:15:35,01-Jan-2030 01:16:45,70,NaN,NaN
Ground_Point_7,SAT_43,2,01-Jan-2030 10:32:40,01-Jan-2030 10:34:00,80,NaN,NaN
Ground_Point_9,SAT_43,1,01-Jan-2030 12:18:30,01-Jan-2030 12:19:50,80,NaN,NaN
Ground_Point_9,SAT_43,2,01-Jan-2030 21:33:50,01-Jan-2030 21:34:20,30,NaN,NaN
Ground_Point_10,SAT_43,1,01-Jan-2030 05:09:00,01-Jan-2030 05:10:20,80,NaN,NaN
Ground_Point_10,SAT_43,2,01-Jan-2030 11:22:30,01-Jan-2030 11:23:50,80,NaN,NaN
Ground_Point_2,SAT_44,1,01-Jan-2030 02:24:10,01-Jan-2030 02:25:10,60,NaN,NaN
Ground_Point_2,SAT_44,2,01-Jan-2030 03:57:50,01-Jan-2030 03:58:50,60,NaN,NaN
Ground_Point_2,SAT_44,3,01-Jan-2030 08:37:55,01-Jan-2030 08:39:00,65,NaN,NaN
Ground_Point_2,SAT_44,4,01-Jan-2030 10:11:40,01-Jan-2030 10:12:35,55,NaN,NaN
Ground_Point_3,SAT_44,1,01-Jan-2030 02:24:10,01-Jan-2030 02:25:10,60,NaN,NaN
Ground_Point_3,SAT_44,2,01-Jan-2030 03:57:50,01-Jan-2030 03:58:50,60,NaN,NaN
Ground_Point_3,SAT_44,3,01-Jan-2030 08:37:55,01-Jan-2030 08:39:00,65,NaN,NaN
Ground_Point_3,SAT_44,4,01-Jan-2030 10:11:40,01-Jan-2030 10:12:35,55,NaN,NaN
Ground_Point_4,SAT_44,1,01-Jan-2030 02:24:10,01-Jan-2030 02:25:10,60,NaN,NaN
Ground_Point_4,SAT_44,2,01-Jan-2030 03:57:50,01-Jan-2030 03:58:50,60,NaN,NaN
Ground_Point_4,SAT_44,3,01-Jan-2030 08:37:55,01-Jan-2030 08:39:00,65,NaN,NaN
Ground_Point_4,SAT_44,4,01-Jan-2030 10:11:40,01-Jan-2030 10:12:35,55,NaN,NaN
Ground_Point_5,SAT_44,1,01-Jan-2030 02:24:10,01-Jan-2030 02:25:10,60,NaN,NaN
Ground_Point_5,SAT_44,2,01-Jan-2030 03:57:50,01-Jan-2030 03:58:50,60,NaN,NaN
Ground_Point_5,SAT_44,3,01-Jan-2030 08:37:55,01-Jan-2030 08:39:00,65,NaN,NaN
Ground_Point_5,SAT_44,4,01-Jan-2030 10:11:40,01-Jan-2030 10:12:35,55,NaN,NaN
Ground_Point_6,SAT_44,1,01-Jan-2030 14:15:35,01-Jan-2030 14:15:40,5,NaN,NaN
Ground_Point_6,SAT_44,2,01-Jan-2030 23:33:20,01-Jan-2030 23:34:40,80,NaN,NaN
Ground_Point_7,SAT_44,1,01-Jan-2030 10:09:35,01-Jan-2030 10:10:30,55,NaN,NaN
Ground_Point_8,SAT_44,1,01-Jan-2030 11:53:55,01-Jan-2030 11:55:00,65,NaN,NaN
Ground_Point_8,SAT_44,2,01-Jan-2030 21:10:35,01-Jan-2030 21:11:30,55,NaN,NaN
Ground_Point_9,SAT_44,1,01-Jan-2030 11:55:35,01-Jan-2030 11:56:05,30,NaN,NaN
Ground_Point_10,SAT_44,1,01-Jan-2030 04:45:40,01-Jan-2030 04:47:00,80,NaN,NaN
Ground_Point_10,SAT_44,2,01-Jan-2030 06:19:45,01-Jan-2030 06:20:00,15,NaN,NaN
Ground_Point_10,SAT_44,3,01-Jan-2030 10:59:15,01-Jan-2030 11:00:30,75,NaN,NaN
Ground_Point_11,SAT_44,1,01-Jan-2030 19:03:55,01-Jan-2030 19:04:10,15,NaN,NaN
Ground_Point_1,SAT_45,1,01-Jan-2030 06:27:05,01-Jan-2030 06:28:20,75,NaN,NaN
Ground_Point_2,SAT_45,1,01-Jan-2030 05:08:50,01-Jan-2030 05:10:10,80,NaN,NaN
Ground_Point_2,SAT_45,2,01-Jan-2030 11:22:30,01-Jan-2030 11:23:50,80,NaN,NaN
Ground_Point_3,SAT_45,1,01-Jan-2030 05:08:50,01-Jan-2030 05:10:10,80,NaN,NaN
Ground_Point_3,SAT_45,2,01-Jan-2030 11:22:30,01-Jan-2030 11:23:50,80,NaN,NaN
Ground_Point_4,SAT_45,1,01-Jan-2030 05:08:50,01-Jan-2030 05:10:10,80,NaN,NaN
Ground_Point_4,SAT_45,2,01-Jan-2030 11:22:30,01-Jan-2030 11:23:50,80,NaN,NaN
Ground_Point_5,SAT_45,1,01-Jan-2030 05:08:50,01-Jan-2030 05:10:10,80,NaN,NaN
Ground_Point_5,SAT_45,2,01-Jan-2030 11:22:30,01-Jan-2030 11:23:50,80,NaN,NaN
Ground_Point_6,SAT_45,1,01-Jan-2030 01:06:10,01-Jan-2030 01:07:20,70,NaN,NaN
Ground_Point_6,SAT_45,2,01-Jan-2030 16:59:50,01-Jan-2030 17:01:05,75,NaN,NaN
Ground_Point_7,SAT_45,1,01-Jan-2030 03:36:55,01-Jan-2030 03:38:15,80,NaN,NaN
Ground_Point_7,SAT_45,2,01-Jan-2030 12:54:20,01-Jan-2030 12:55:20,60,NaN,NaN
Ground_Point_8,SAT_45,1,01-Jan-2030 22:21:50,01-Jan-2030 22:22:30,40,NaN,NaN
Ground_Point_9,SAT_45,1,01-Jan-2030 00:16:40,01-Jan-2030 00:17:35,55,NaN,NaN
Ground_Point_9,SAT_45,2,01-Jan-2030 14:40:10,01-Jan-2030 14:40:55,45,NaN,NaN
Ground_Point_9,SAT_45,3,01-Jan-2030 23:54:45,01-Jan-2030 23:56:05,80,NaN,NaN
Ground_Point_10,SAT_45,1,01-Jan-2030 05:57:10,01-Jan-2030 05:57:30,20,NaN,NaN
Ground_Point_10,SAT_45,2,01-Jan-2030 07:30:30,01-Jan-2030 07:31:40,70,NaN,NaN
Ground_Point_10,SAT_45,3,01-Jan-2030 12:10:50,01-Jan-2030 12:11:15,25,NaN,NaN
Ground_Point_10,SAT_45,4,01-Jan-2030 13:44:00,01-Jan-2030 13:45:15,75,NaN,NaN
Ground_Point_11,SAT_45,1,01-Jan-2030 07:18:45,01-Jan-2030 07:20:05,80,NaN,NaN
Ground_Point_12,SAT_45,1,01-Jan-2030 04:30:45,01-Jan-2030 04:31:55,70,NaN,NaN
Ground_Point_1,SAT_46,1,01-Jan-2030 19:08:00,01-Jan-2030 19:09:10,70,NaN,NaN
Ground_Point_2,SAT_46,1,01-Jan-2030 04:45:30,01-Jan-2030 04:46:45,75,NaN,NaN
Ground_Point_2,SAT_46,2,01-Jan-2030 06:19:25,01-Jan-2030 06:20:05,40,NaN,NaN
Ground_Point_2,SAT_46,3,01-Jan-2030 10:59:10,01-Jan-2030 11:00:25,75,NaN,NaN
Ground_Point_3,SAT_46,1,01-Jan-2030 04:45:30,01-Jan-2030 04:46:45,75,NaN,NaN
Ground_Point_3,SAT_46,2,01-Jan-2030 06:19:25,01-Jan-2030 06:20:05,40,NaN,NaN
Ground_Point_3,SAT_46,3,01-Jan-2030 10:59:10,01-Jan-2030 11:00:25,75,NaN,NaN
Ground_Point_4,SAT_46,1,01-Jan-2030 04:45:30,01-Jan-2030 04:46:45,75,NaN,NaN
Ground_Point_4,SAT_46,2,01-Jan-2030 06:19:25,01-Jan-2030 06:20:05,40,NaN,NaN
Ground_Point_4,SAT_46,3,01-Jan-2030 10:59:10,01-Jan-2030 11:00:25,75,NaN,NaN
Ground_Point_5,SAT_46,1,01-Jan-2030 04:45:30,01-Jan-2030 04:46:45,75,NaN,NaN
Ground_Point_5,SAT_46,2,01-Jan-2030 06:19:25,01-Jan-2030 06:20:05,40,NaN,NaN
Ground_Point_5,SAT_46,3,01-Jan-2030 10:59:10,01-Jan-2030 11:00:25,75,NaN,NaN
Ground_Point_6,SAT_46,1,01-Jan-2030 16:36:30,01-Jan-2030 16:37:40,70,NaN,NaN
Ground_Point_7,SAT_46,1,01-Jan-2030 03:13:45,01-Jan-2030 03:14:45,60,NaN,NaN
Ground_Point_7,SAT_46,2,01-Jan-2030 12:30:45,01-Jan-2030 12:32:05,80,NaN,NaN
Ground_Point_9,SAT_46,1,01-Jan-2030 14:16:35,01-Jan-2030 14:17:55,80,NaN,NaN
Ground_Point_9,SAT_46,2,01-Jan-2030 23:32:05,01-Jan-2030 23:32:10,5,NaN,NaN
Ground_Point_10,SAT_46,1,01-Jan-2030 07:07:05,01-Jan-2030 07:08:25,80,NaN,NaN
Ground_Point_10,SAT_46,2,01-Jan-2030 13:20:35,01-Jan-2030 13:21:55,80,NaN,NaN
Ground_Point_2,SAT_47,1,01-Jan-2030 04:22:20,01-Jan-2030 04:23:15,55,NaN,NaN
Ground_Point_2,SAT_47,2,01-Jan-2030 05:55:55,01-Jan-2030 05:57:00,65,NaN,NaN
Ground_Point_2,SAT_47,3,01-Jan-2030 10:36:00,01-Jan-2030 10:37:05,65,NaN,NaN
Ground_Point_2,SAT_47,4,01-Jan-2030 12:09:40,01-Jan-2030 12:10:40,60,NaN,NaN
Ground_Point_3,SAT_47,1,01-Jan-2030 04:22:20,01-Jan-2030 04:23:15,55,NaN,NaN
Ground_Point_3,SAT_47,2,01-Jan-2030 05:55:55,01-Jan-2030 05:57:00,65,NaN,NaN
Ground_Point_3,SAT_47,3,01-Jan-2030 10:36:00,01-Jan-2030 10:37:05,65,NaN,NaN
Ground_Point_3,SAT_47,4,01-Jan-2030 12:09:40,01-Jan-2030 12:10:40,60,NaN,NaN
Ground_Point_4,SAT_47,1,01-Jan-2030 04:22:20,01-Jan-2030 04:23:15,55,NaN,NaN
Ground_Point_4,SAT_47,2,01-Jan-2030 05:55:55,01-Jan-2030 05:57:00,65,NaN,NaN
Ground_Point_4,SAT_47,3,01-Jan-2030 10:36:00,01-Jan-2030 10:37:05,65,NaN,NaN
Ground_Point_4,SAT_47,4,01-Jan-2030 12:09:40,01-Jan-2030 12:10:40,60,NaN,NaN
Ground_Point_5,SAT_47,1,01-Jan-2030 04:22:20,01-Jan-2030 04:23:15,55,NaN,NaN
Ground_Point_5,SAT_47,2,01-Jan-2030 05:55:55,01-Jan-2030 05:57:00,65,NaN,NaN
Ground_Point_5,SAT_47,3,01-Jan-2030 10:36:00,01-Jan-2030 10:37:05,65,NaN,NaN
Ground_Point_5,SAT_47,4,01-Jan-2030 12:09:40,01-Jan-2030 12:10:40,60,NaN,NaN
Ground_Point_6,SAT_47,1,01-Jan-2030 01:53:20,01-Jan-2030 01:54:15,55,NaN,NaN
Ground_Point_7,SAT_47,1,01-Jan-2030 12:07:45,01-Jan-2030 12:08:35,50,NaN,NaN
Ground_Point_8,SAT_47,1,01-Jan-2030 13:52:00,01-Jan-2030 13:53:05,65,NaN,NaN
Ground_Point_8,SAT_47,2,01-Jan-2030 23:08:35,01-Jan-2030 23:09:40,65,NaN,NaN
Ground_Point_9,SAT_47,1,01-Jan-2030 13:53:45,01-Jan-2030 13:54:05,20,NaN,NaN
Ground_Point_10,SAT_47,1,01-Jan-2030 06:43:45,01-Jan-2030 06:45:05,80,NaN,NaN
Ground_Point_10,SAT_47,2,01-Jan-2030 08:17:50,01-Jan-2030 08:18:05,15,NaN,NaN
Ground_Point_10,SAT_47,3,01-Jan-2030 12:57:20,01-Jan-2030 12:58:35,75,NaN,NaN
Ground_Point_11,SAT_47,1,01-Jan-2030 21:01:55,01-Jan-2030 21:02:30,35,NaN,NaN
Ground_Point_2,SAT_48,1,01-Jan-2030 05:32:30,01-Jan-2030 05:33:45,75,NaN,NaN
Ground_Point_2,SAT_48,2,01-Jan-2030 10:12:55,01-Jan-2030 10:13:35,40,NaN,NaN
Ground_Point_2,SAT_48,3,01-Jan-2030 11:46:10,01-Jan-2030 11:47:25,75,NaN,NaN
Ground_Point_3,SAT_48,1,01-Jan-2030 05:32:30,01-Jan-2030 05:33:45,75,NaN,NaN
Ground_Point_3,SAT_48,2,01-Jan-2030 10:12:55,01-Jan-2030 10:13:35,40,NaN,NaN
Ground_Point_3,SAT_48,3,01-Jan-2030 11:46:10,01-Jan-2030 11:47:25,75,NaN,NaN
Ground_Point_4,SAT_48,1,01-Jan-2030 05:32:30,01-Jan-2030 05:33:45,75,NaN,NaN
Ground_Point_4,SAT_48,2,01-Jan-2030 10:12:55,01-Jan-2030 10:13:35,40,NaN,NaN
Ground_Point_4,SAT_48,3,01-Jan-2030 11:46:10,01-Jan-2030 11:47:25,75,NaN,NaN
Ground_Point_5,SAT_48,1,01-Jan-2030 05:32:30,01-Jan-2030 05:33:45,75,NaN,NaN
Ground_Point_5,SAT_48,2,01-Jan-2030 10:12:55,01-Jan-2030 10:13:35,40,NaN,NaN
Ground_Point_5,SAT_48,3,01-Jan-2030 11:46:10,01-Jan-2030 11:47:25,75,NaN,NaN
Ground_Point_6,SAT_48,1,01-Jan-2030 01:29:45,01-Jan-2030 01:31:05,80,NaN,NaN
Ground_Point_6,SAT_48,2,01-Jan-2030 17:23:40,01-Jan-2030 17:24:30,50,NaN,NaN
Ground_Point_7,SAT_48,1,01-Jan-2030 04:00:50,01-Jan-2030 04:01:35,45,NaN,NaN
Ground_Point_8,SAT_48,1,01-Jan-2030 13:28:35,01-Jan-2030 13:29:50,75,NaN,NaN
Ground_Point_8,SAT_48,2,01-Jan-2030 22:45:05,01-Jan-2030 22:46:25,80,NaN,NaN
Ground_Point_10,SAT_48,1,01-Jan-2030 06:20:30,01-Jan-2030 06:21:35,65,NaN,NaN
Ground_Point_10,SAT_48,2,01-Jan-2030 07:54:15,01-Jan-2030 07:55:05,50,NaN,NaN
Ground_Point_10,SAT_48,3,01-Jan-2030 12:34:10,01-Jan-2030 12:35:05,55,NaN,NaN
Ground_Point_10,SAT_48,4,01-Jan-2030 14:07:50,01-Jan-2030 14:08:50,60,NaN,NaN
Ground_Point_11,SAT_48,1,01-Jan-2030 20:38:15,01-Jan-2030 20:39:30,75,NaN,NaN
Ground_Point_12,SAT_48,1,01-Jan-2030 04:54:45,01-Jan-2030 04:55:05,20,NaN,NaN
Ground_Point_12,SAT_48,2,01-Jan-2030 15:33:35,01-Jan-2030 15:34:55,80,NaN,NaN
